-- проектирование БД соцсети
create database if not exists fb2020;
-- или create database fb2020 - создание без проверки существования одноименной
-- также сущ. команда drop - удаление БД: drop database if exists fb2020

-- таблица для зарегестрированных пользователей

create table if not exists users(
    id SERIAL primary key, -- аналогично следующему: BIGINT unsigned not null auto_increment UNIQUE
    email varchar(150) unique, -- varchar - символы длиной 150 знаков 
    pass varchar(100),
    name varchar(50),
    surname varchar(50),
    phone varchar(20),
    gender char(1), 
    birthday date,
    hometown varchar(100),
    photo_id bigint unsigned, -- bigint: big integer. Заморачиваться на типах даных рекомендуется при создании крупных проектов 
    created_at datetime default now(),
    key(phone), -- индекс, позволяющий осущ. поиск по указанному полю
    key(name, surname)
); 

-- таблица для сообщений
create table if not exists messages(
	id serial primary key,
	from_user bigint unsigned not null,
	to_user bigint unsigned not null, -- значение не может быть пустым
	body text,
	is_read bool default 0,
	created_at datetime default current_timestamp,
	foreign key (from_user) references users(id), -- foreign key указывает, что введенный столбец ('назв. столбца') прямо соотносится к конкретному столбцу существующей таблицы 'таблица'('назв.столбца')
	foreign key (to_user) references users(id)
);

-- таблица настроек приватности
create table if not exists settings(
	user_id serial primary key,
	can_see ENUM('all', 'friends', 'friends_of_friends'), -- 'выпадающий список'
	can_comment ENUM('all', 'friends', 'friends_of_friends', 'nobody'),
	can_message ENUM('all', 'friends', 'friends_of_friends'),
	foreign key (user_id) references users(id)
);
-- таблица для запросов в друзья
create table if not exists friend_requests(
	initiator_user_id bigint unsigned not null,
	target_user_id bigint unsigned not null,
    status ENUM('requested', 'approved', 'unfriended', 'declined'),
    requested_at datetime default now(),
    confirmed_at datetime, 
    primary key (initiator_user_id, target_user_id),
    foreign key (initiator_user_id) references users(id),
    foreign key (target_user_id) references users(id),
    index(initiator_user_id),
    index(target_user_id)
);

-- таблица для сообществ
create table if not exists communities(
 	id serial,
	name varchar(255),
	primary key(id),
	index(name) -- команда, ктр говорит базе осуществлять поиск начиная с указанного столбца, как из отдельного объекта. Позволяет уменьшить ресурсы системы, затрачиваемые на поиск
); 

-- таблица о пользователях в сообществах. Т.к. один и тот же пользователь может состоять в нескольких сообществах,
-- и в одном сообществе может состоять много пользователей, логично выделить эти связи в отдельной таблице
create table if not exists users_communities(
	user_id bigint unsigned not null,
	community_id bigint unsigned not null,
	is_admin bool default 0,
	primary key (user_id, community_id), -- составной первичный ключ. исключает ситуацию, в ктр один и тот же юзер состоит в коммьюнити дважды
	foreign key (user_id) references users(id),
	foreign key (community_id) references communities(id)
);

-- таблица для постов пользователей
create table if not exists posts(
	id serial primary key,
	user_id bigint unsigned not null, -- автор поста
	body text, -- содержание поста
	created_at datetime default current_timestamp,
	updated_at datetime,
	foreign key (user_id) references users(id),
	index(user_id)
);

-- таблица для комментов
create table if not exists comments(
	id serial primary key,
	user_id bigint unsigned not null, -- автор коммента
	post_id bigint unsigned not null, -- пост, под которым коммент
	body text,
	created_at datetime default current_timestamp,
	foreign key (user_id) references users(id),
	foreign key (post_id) references posts(id)
);

-- таблица для фоток
create table if not exists photos(
	id serial primary key,
	user_id bigint unsigned not null,
	description varchar(255), -- описание фотки
	created_at datetime default current_timestamp,
	foreign key (user_id) references users(id),
	index(user_id)
);

-- таблица для лайков на фото
create table if not exists likes_on_photo(
	from_user bigint unsigned not null, -- автор лайка
	to_photo bigint unsigned not null, -- понравившееся фото
	primary key (from_user, to_photo),
	foreign key (from_user) references users(id),
	foreign key (to_photo) references photos(id) 
);

-- таблица для лайков на посты
create table if not exists likes_on_posts(
	from_user bigint unsigned not null, -- автор лайка
	to_post bigint unsigned not null, -- понравившийся пост
	primary key (from_user, to_post),
	foreign key (from_user) references users(id),
	foreign key (to_post) references posts(id) 
);

INSERT INTO `users` VALUES ('1','mkuphal@gmail.com','91 xj','Marcos','Walter','(311)036-4123','D','1992-03-13','West Lesley','1548','1971-08-24 19:35:57'),
('2','bud29@jerdehahn.com','92 sl','Jeffery','Schuster','(597)027-3470x95476','D','1988-07-31','Port Hortensefurt','9140','1970-05-27 02:29:13'),
('3','sbernier@hotmail.com','16 av','Bertha','Stracke','089.912.1596x176','D','1996-07-20','Hermanview','7220','2018-05-18 13:06:25'),
('4','morissette.andreane@yahoo.com','80 he','Madisyn','Murazik','(514)868-8135x229','M','2019-02-06','West Antoneville','8384','1979-08-17 11:43:57'),
('5','mraz.hermina@gmail.com','42 vu','Alene','Stark','(844)633-2819x95888','P','1985-12-16','Lake Van','5798','1980-08-17 12:20:34'),
('6','harley82@hammes.net','80 ve','Maybelle','Wolf','1-254-823-4455','M','1986-03-28','Lake Payton','3938','1987-03-21 12:48:32'),
('7','lo\'kon@yahoo.com','95 yi','Nikki','Bartell','1-912-756-1020x457','M','2002-03-18','O\'Konbury','4030','1972-07-01 02:29:08'),
('8','schumm.darrin@yahoo.com','96 no','Kamren','Kemmer','+72(3)7759424767','P','1980-09-27','Lake Green','5967','1973-02-28 12:51:22'),
('9','emma.mayer@weissnatschimmel.com','96 le','Audreanne','Rodriguez','1-659-785-5192x45480','P','2003-09-15','Grimesberg','2261','1983-04-23 14:45:39'),
('10','emanuel39@mcculloughlegros.net','56 sx','Alex','Swift','596.089.4091x90292','D','1997-10-14','Moorestad','1138','1974-07-01 06:14:20'),
('11','candace.stamm@gleasongibson.com','56 cn','Carmen','Harber','(364)728-3459x52711','M','2006-07-25','East Kadeside','6312','1970-08-19 15:00:07'),
('12','justice29@gmail.com','14 vv','Lera','Klocko','(318)952-5152x1903','M','1982-11-15','Runtechester','2014','2004-12-09 18:06:34'),
('13','rashad35@johnsrempel.info','39 df','Mikayla','Vandervort','(108)158-4059x52936','D','1990-06-18','Port Aliyah','4092','2009-04-25 07:21:26'),
('14','rita61@gmail.com','31 vt','Deion','Mitchell','+19(6)0188053149','M','1978-01-20','Rhiannaberg','7881','2003-09-18 14:53:23'),
('15','ali.corkery@hotmail.com','71 jq','Felicia','Doyle','824.196.2668x27076','P','2017-09-12','Vickytown','2640','1987-06-14 17:01:29'),
('16','ecorwin@gmail.com','87 ir','Roel','Schmeler','856.973.8886','M','1973-03-22','Damianfort','2671','1979-03-19 12:01:29'),
('17','braun.delaney@waelchistroman.info','84 sz','Erica','Torphy','(539)207-8359x01833','P','1977-12-02','Kristaview','4819','2005-10-09 02:09:31'),
('18','bryon14@gmail.com','47 ec','Velda','Rosenbaum','398-276-6452x9044','P','2017-03-28','Port Lianaport','2267','2011-10-21 09:00:56'),
('19','lexi.durgan@gmail.com','30 ns','Theodore','Erdman','1-792-347-2099x66294','D','1988-05-19','Amariton','6473','1973-06-06 15:24:30'),
('20','shanelle.waters@hotmail.com','72 bq','Pierre','Haley','621-644-6674x27500','P','1978-05-02','Macejkovicstad','1682','1992-06-18 19:18:59'),
('21','shansen@schinnerlueilwitz.com','76 tf','Myriam','Hackett','1-547-821-1770','M','2011-07-27','Macytown','8710','2014-09-26 15:49:35'),
('22','swolf@gmail.com','41 zs','Sarah','Klein','(491)685-9145','M','2002-12-17','Port Gwendolynshire','6496','2007-08-02 12:20:12'),
('23','wyman.aracely@fadel.org','48 we','Rosalinda','Lindgren','591-461-9169','M','2011-12-18','Bartellburgh','6915','1992-10-02 13:03:57'),
('24','murazik.filiberto@huelschinner.org','63 th','Melissa','Farrell','1-376-092-0507x254','M','2010-05-28','Reillyburgh','3609','2012-04-08 11:52:02'),
('25','dawn.miller@gusikowski.com','15 kc','Charley','Ferry','1-147-221-0305','P','2004-04-28','Lake Mozelle','9453','2005-03-19 05:54:54'),
('26','bayer.lauren@gmail.com','85 qe','Sister','Koch','261.252.0075','M','1976-12-08','Port Osbaldofurt','3200','1980-12-29 13:07:24'),
('27','zemlak.dolly@oconnell.com','00 rt','Kiana','Schmidt','906-528-1278x3886','M','1988-06-10','Luettgenport','2993','2005-05-13 16:31:47'),
('28','clair50@hotmail.com','26 sp','Vergie','Orn','+98(4)8243507816','M','2002-11-05','New Vena','9648','1980-04-22 15:17:01'),
('29','pgreenholt@gmail.com','04 uf','Garry','Kuhn','130-305-8882x749','P','2011-08-03','Murltown','5316','2017-08-18 01:32:40'),
('30','kertzmann.willis@cartereffertz.com','67 hs','Cathryn','Funk','1-586-450-2555','M','2006-06-13','Kimberlyside','8466','1973-06-19 02:25:48'),
('31','sswift@gmail.com','05 nk','Tyler','Hodkiewicz','1-617-064-7279x1349','M','2000-05-07','Turcottechester','9944','2003-06-21 21:28:16'),
('32','tdoyle@considine.info','72 fb','Palma','Renner','202-136-2203x659','M','2001-06-09','North Corrine','1933','2008-06-20 09:21:40'),
('33','maye56@weimann.com','07 kn','Deron','Wunsch','1-233-866-5338x7611','M','1998-06-14','Schusterfurt','4047','2014-07-13 19:00:13'),
('34','smedhurst@gmail.com','63 py','Vern','Franecki','+32(7)2156341828','P','2004-02-29','Carleeborough','1385','1987-02-13 11:32:40'),
('35','vincenzo33@yahoo.com','41 ot','Jarret','Smith','1-993-459-5607x011','M','1996-07-22','Littleton','7294','2015-09-18 08:41:25'),
('36','omer.cummerata@yahoo.com','12 ba','Jimmie','Grady','903.015.8339x22971','D','2009-02-11','North Madisen','3429','1981-02-11 14:53:46'),
('37','albert27@yahoo.com','42 yx','Andy','Flatley','098.823.8122x211','M','1999-11-16','Langworthtown','9347','1998-03-07 09:21:24'),
('38','savion06@yahoo.com','56 ps','Sherwood','Medhurst','(903)284-8428','P','2007-05-01','West Charley','7033','1988-03-12 09:48:36'),
('39','lura.durgan@bogisichhane.com','30 tw','Wilma','Kuhlman','319.290.9322x689','M','1972-09-01','Rohanport','3553','1976-09-04 03:55:26'),
('40','kuhic.tito@wilkinsontowne.org','23 fn','Bailey','Shields','+19(7)1898715529','M','1986-02-01','Port Dashawnberg','9596','1981-04-01 00:48:05'),
('41','xherman@hotmail.com','42 ll','Cyrus','Maggio','459-474-9694','M','1992-03-02','Winfieldburgh','2294','1974-07-26 08:40:51'),
('42','qgusikowski@hotmail.com','96 lc','Valentine','Reichel','529.852.8577x8016','D','2005-07-29','Schaeferbury','5860','1973-05-30 12:42:20'),
('43','wd\'amore@gmail.com','05 wy','Henri','Predovic','908.777.1760x59466','M','2004-09-12','Paulinehaven','5312','2016-08-28 08:39:48'),
('44','lorenza.ruecker@lebsackkris.com','00 vj','Cale','Johnston','(089)081-8927x7241','M','2019-05-14','Port Cheyenne','1544','2017-07-26 10:27:10'),
('45','fschaefer@herzog.info','32 da','Shaina','Hammes','1-755-279-6927x786','D','1976-09-07','Floydtown','8868','2013-08-07 10:47:35'),
('46','mbogisich@gmail.com','14 ff','Alexis','Jast','+78(8)3120379102','P','1996-09-16','Bertborough','3440','1994-02-04 04:51:53'),
('47','breitenberg.amya@bauchtorphy.com','56 zh','Mona','Kautzer','511-381-1613x84897','P','1997-05-25','Wisokyfurt','2822','1985-12-08 06:23:03'),
('48','elwyn.bayer@crist.com','38 xg','Aniyah','Fahey','945-157-3257x3432','D','1987-03-15','Quitzonfurt','9461','2011-04-30 14:55:41'),
('49','karli.keebler@gmail.com','00 ps','Garrett','Heller','+34(1)3367851615','D','2014-01-12','West Hazel','7707','2020-01-26 04:30:51'),
('50','morar.lavada@gmail.com','50 nj','Chauncey','Stehr','+78(2)3867751732','D','1999-03-21','Hellerberg','1429','2006-07-25 08:00:50'),
('51','hegmann.neva@gmail.com','60 tx','Rachael','Langosh','+58(9)6398409581','M','2019-12-09','East Marcus','3391','1975-01-11 17:10:23'),
('52','umitchell@hotmail.com','99 lx','Brooks','Abernathy','543.892.6895x97457','D','2015-03-11','Crystelmouth','9269','2009-08-27 05:09:55'),
('53','emmerich.deven@auer.net','91 et','Osvaldo','Grimes','146.373.8926x8343','P','1980-05-22','Gleichnerville','9711','2012-08-10 05:54:49'),
('54','myrtie67@goodwinhilll.biz','96 um','Maddison','Frami','868.104.0548','P','1998-01-28','New Alejandrinchester','8628','1975-11-13 11:44:42'),
('55','hodkiewicz.florian@gmail.com','02 su','Litzy','Tillman','(772)481-0258x60361','M','2019-08-28','Cristton','9614','1976-12-07 05:55:50'),
('56','gziemann@bergnaumarmstrong.com','34 du','Ernestine','Flatley','150-732-9964x6541','D','2014-04-05','Hirthefort','2953','2009-02-14 09:06:07'),
('57','eriberto84@hotmail.com','14 io','Sim','Altenwerth','264-849-8852x3210','M','1998-10-15','Wisozkland','3118','2001-09-06 00:25:38'),
('58','hobart31@swaniawski.net','37 qm','Cora','White','559-115-7774','D','2014-03-21','East Della','9597','2009-08-03 16:56:20'),
('59','qondricka@robel.biz','33 yz','Nedra','Christiansen','386.500.3208x075','P','1980-01-10','South Merlville','9333','2007-05-27 04:55:15'),
('60','spinka.ibrahim@beer.com','56 fj','Dane','Feil','1-788-561-6451','M','1987-09-30','West Monicastad','4981','2016-01-21 13:15:48'),
('61','kelley55@gmail.com','47 wc','Hoyt','Botsford','1-296-634-4350','P','1994-08-01','Kerlukeport','7106','1995-01-21 23:10:22'),
('62','devon.feeney@hotmail.com','24 ia','Ismael','Kirlin','321.643.9185x5293','M','1992-07-20','New Jensen','8876','1996-06-23 01:21:49'),
('63','fauer@stracke.net','84 ba','Cristobal','Haley','(833)383-3526','P','1980-08-08','Waylonborough','1701','1989-04-05 02:59:27'),
('64','genesis.herzog@hotmail.com','35 vy','Lysanne','D\'Amore','+04(1)1455784789','M','1992-04-05','Darrickmouth','1520','1977-06-17 12:51:15'),
('65','jarod25@hotmail.com','50 gq','Roberta','D\'Amore','547-595-9545','M','1982-07-15','West Noblemouth','4260','2015-05-23 01:09:22'),
('66','vstehr@hotmail.com','84 bc','Palma','Price','597-088-6226x862','P','1997-03-29','Lake Sheridanberg','2500','2017-07-29 17:09:14'),
('67','adell24@gmail.com','02 wc','Josiane','Strosin','(072)304-0477','M','1973-06-28','Lake Wilsonside','8358','2000-04-30 15:33:13'),
('68','armstrong.maurice@berge.com','91 xq','Buddy','Morissette','+99(3)8954815617','M','1989-10-23','Bashirianstad','6909','2002-01-11 05:56:14'),
('69','jude93@yahoo.com','57 lx','Lilla','Kozey','(645)122-7565x0247','D','1979-04-02','Gersonfort','2015','1971-05-16 18:59:22'),
('70','harry.harvey@casper.com','31 hy','Roy','Bartell','04141024914','M','1992-07-09','Bayerville','9088','1992-01-11 19:57:40'),
('71','elenora.schaden@pollichpredovic.com','50 hf','Alessandro','Ortiz','+71(2)2527754388','D','2003-02-24','D\'Amorefort','1497','2015-04-04 17:22:12'),
('72','ardith23@ohara.net','78 wj','Hailey','Bernhard','491.859.2115','M','2004-12-14','East Lawsonton','1426','1986-12-24 09:01:42'),
('73','xavier.wolf@schaden.biz','40 fy','Keven','Hessel','467-348-5149x14292','M','2012-07-16','Davontefurt','6090','1975-09-01 02:33:27'),
('74','heller.ethan@keeblerhuels.biz','04 qb','Malachi','Bergstrom','(958)916-7300x71043','M','1975-12-25','Brettown','5093','1972-11-09 03:48:40'),
('75','sskiles@gmail.com','58 bh','Trever','Fahey','620-799-2832','D','2001-02-19','South Letitiaville','3188','2012-06-18 12:37:25'),
('76','iharber@bartondach.biz','85 ao','Bernadine','Kirlin','365.034.2993x465','D','1971-10-03','Pourosville','3895','2008-07-12 07:02:41'),
('77','rolando.gorczany@gmail.com','17 cw','Grady','Sauer','516.414.0517x0266','M','2009-05-30','South Mayra','5212','1993-11-21 21:04:31'),
('78','dustin24@nikolaus.com','44 zh','William','Marquardt','(717)292-9059','D','2016-11-19','Gibsonside','9572','1982-12-03 08:29:38'),
('79','vwhite@hotmail.com','79 ea','Shawna','Considine','(324)431-8892x4020','P','1973-04-20','Lake Abdullah','5663','1999-11-22 08:58:35'),
('80','clint.larkin@yahoo.com','29 qr','Clement','Botsford','171.613.0766x84852','M','1985-04-14','Franeckihaven','8789','1970-03-30 20:04:38'),
('81','jakubowski.adolfo@lehner.com','73 ga','Kenya','Pfannerstill','04212846967','D','2004-03-16','Gregorytown','4274','1974-04-11 10:24:58'),
('82','matilde08@hotmail.com','47 dj','Gabrielle','Carroll','000-743-2867x69784','P','1995-02-25','Lake Lavinia','8044','1988-02-03 03:19:48'),
('83','laura29@casper.com','22 zd','Maya','Stokes','(547)637-9141x68305','M','1979-10-16','Port Randimouth','4013','1973-12-19 08:45:43'),
('84','helga.willms@hirthe.com','61 ov','Oceane','Kozey','1-727-819-0981x9957','P','1981-08-09','South Isaactown','6331','2015-04-22 16:07:22'),
('85','zhane@hotmail.com','80 mn','Eldon','Corkery','(562)283-6606x344','P','2014-03-31','Frankberg','9713','2020-01-24 22:35:28'),
('86','sluettgen@hotmail.com','37 hs','Lon','Murphy','1-062-025-3061','M','1991-04-30','South Francisca','1354','1990-08-25 17:01:59'),
('87','macey10@hotmail.com','92 gm','Savion','Kuvalis','(201)939-2160','P','1973-08-16','New Chazside','6407','2012-12-03 11:28:22'),
('88','gerlach.anastacio@yahoo.com','06 rl','Patrick','Douglas','074.466.9765x545','P','1973-02-08','Kentonville','6916','2020-01-19 03:31:34'),
('89','ybalistreri@hotmail.com','90 jg','Demarco','Swaniawski','921-863-8130x0603','P','1983-02-21','Enidbury','1245','2014-11-13 14:52:58'),
('90','yost.elenora@gmail.com','21 ad','Lavada','Harris','263-031-1672','P','1995-07-16','East Monroeberg','5208','1992-10-06 19:51:24'),
('91','aufderhar.barton@hotmail.com','43 by','Stanley','O\'Reilly','(885)638-4018','P','1975-09-20','East Clinton','4230','1971-11-25 19:06:10'),
('92','tortiz@hotmail.com','08 uw','Devyn','Reinger','673-604-5922x37052','D','2011-12-17','New Patsy','4254','1991-03-31 03:26:39'),
('93','aliza.goodwin@gmail.com','69 wr','Aracely','DuBuque','(671)785-7654','M','2020-06-12','Abbottmouth','9436','2006-03-24 19:26:54'),
('94','molly.kihn@hessel.com','72 lt','Liliane','Hudson','(182)156-6855','M','1970-01-01','Rosenbaumport','6487','2014-01-13 08:24:22'),
('95','bartoletti.sibyl@bayer.net','16 gj','Lynn','Ryan','875.485.6252x833','P','1973-03-12','Grimeston','1658','2005-08-28 18:04:34'),
('96','dschneider@oconner.com','83 xt','Claud','Oberbrunner','(392)489-1462','P','2010-09-25','Lake Cicero','3750','1996-02-11 09:23:05'),
('97','ruby.durgan@gmail.com','77 ss','Shea','Okuneva','(354)471-7460x2714','M','1972-03-24','Port Ramonland','4633','2015-12-21 22:44:47'),
('98','rath.nia@gmail.com','25 wk','Brisa','Leuschke','(253)653-4881x183','M','1981-02-25','Lake Hortenseborough','8147','2009-11-28 23:15:01'),
('99','rroob@gmail.com','33 yr','Constance','Hermann','432-606-9894x79892','M','1995-04-07','West Gonzalo','4990','1997-12-17 08:05:14'),
('100','roxane.denesik@ondricka.com','26 yx','Henry','Hilpert','423.842.3748','P','1988-12-18','Stephanyville','4094','2003-11-30 23:17:32'); 

INSERT INTO `communities` VALUES ('31','Adaptive reciprocal customerloyalty'),
('25','Adaptive tangible array'),
('34','Automated maximized opensystem'),
('22','Business-focused hybrid circuit'),
('15','Configurable asynchronous solution'),
('39','Cross-platform dynamic standardization'),
('12','Customer-focused uniform approach'),
('16','Customizable demand-driven workforce'),
('19','De-engineered modular time-frame'),
('3','Down-sized logistical processimprovement'),
('6','Ergonomic 5thgeneration ability'),
('1','Ergonomic discrete synergy'),
('35','Expanded clear-thinking interface'),
('29','Front-line web-enabled attitude'),
('7','Grass-roots hybrid moderator'),
('21','Grass-roots mobile encoding'),
('30','Horizontal responsive archive'),
('5','Implemented 6thgeneration approach'),
('40','Innovative multi-state implementation'),
('32','Intuitive high-level application'),
('38','Object-based composite hierarchy'),
('17','Open-architected cohesive GraphicInterface'),
('20','Open-source dedicated website'),
('33','Operative logistical workforce'),
('36','Optimized regional architecture'),
('11','Persevering web-enabled contingency'),
('4','Persistent optimizing neural-net'),
('10','Programmable regional adapter'),
('2','Re-contextualized value-added synergy'),
('28','Reduced executive adapter'),
('18','Reverse-engineered impactful firmware'),
('14','Robust composite attitude'),
('26','Robust non-volatile methodology'),
('37','Sharable incremental encryption'),
('8','Switchable asynchronous hardware'),
('13','Synergistic exuding opensystem'),
('27','User-friendly 5thgeneration flexibility'),
('9','Virtual analyzing website'),
('23','Vision-oriented 6thgeneration benchmark'),
('24','Vision-oriented upward-trending hierarchy'); 

INSERT INTO `posts` VALUES ('1','94','Ducimus cum quo in sint eveniet. Illum voluptate provident modi voluptatem corporis vero. Dolorem distinctio et similique fuga enim odio.','1971-08-07 19:57:08','1973-06-10 02:28:42'),
('2','74','Ad ipsa facere voluptatibus ab. Et magni sed rerum perferendis dignissimos et cumque. Commodi debitis sunt et similique ut. Possimus sequi asperiores et veniam distinctio totam amet.','2016-08-20 00:18:08','2006-06-09 21:27:33'),
('3','98','Ipsam explicabo facilis alias voluptate. Temporibus nostrum quaerat molestiae sit architecto qui et. Ab iure atque expedita vel voluptatem consequatur aut.','1973-11-26 11:09:52','2016-08-15 12:48:42'),
('4','16','Odit quo aut ea esse non harum. Ducimus quidem quo accusantium voluptates nam saepe impedit. Repudiandae quod praesentium ut ut sed est.','2019-11-22 18:24:07','2003-09-04 01:47:35'),
('5','97','Rerum sit est voluptas vel fugit. Commodi ab architecto incidunt nisi expedita recusandae. Omnis similique alias minima autem neque provident.','2008-09-20 19:17:39','1994-03-13 18:49:33'),
('6','32','Molestiae fuga aut optio non harum fugit. Sapiente voluptas aperiam repellat deserunt hic. Odio eos et officia ab quis quia voluptatem vitae. Ut enim voluptas et in tempora et et cupiditate.','2006-02-12 07:30:04','1987-09-15 02:51:10'),
('7','62','Blanditiis delectus odit quam rerum quia alias. Omnis nihil nam id accusantium nostrum quia. Consequuntur quaerat minus et.','1997-02-05 12:30:40','2018-01-31 00:03:42'),
('8','37','Expedita dolor et eos adipisci aspernatur. Assumenda unde voluptatum corrupti provident. Id voluptas et nobis assumenda libero. Omnis qui veniam ut veniam.','2003-02-05 01:41:48','1998-06-30 23:11:03'),
('9','8','Quibusdam aliquid est illo eius pariatur quas autem. Ut et cupiditate quae laboriosam et quia. Pariatur quia tempore velit quos eum. Odit qui neque eveniet aut et occaecati.','1976-09-14 03:06:06','1998-05-30 05:44:21'),
('10','34','Illo voluptas a rem molestiae aspernatur. Quisquam quis enim vero delectus. Tempora et dolores aut numquam et id ex. Debitis sit ipsum corrupti fugit cumque ipsam.','1973-08-26 21:57:57','1998-01-10 18:39:30'),
('11','91','Nihil eos consequuntur eveniet omnis perspiciatis et ipsam. Perferendis doloribus eum in ut. Quasi qui nihil dolorem voluptas blanditiis placeat magni.','1977-03-22 07:07:21','1973-02-17 04:10:30'),
('12','46','Voluptatem voluptatem nostrum aut aspernatur. Cumque ipsum voluptatem nemo. Quam architecto perferendis possimus nobis.','1979-08-27 02:59:03','2005-06-28 22:08:06'),
('13','84','Ab eaque est corrupti. Commodi tenetur illum ut voluptas eaque in. Aut ut iusto sit consectetur.','1979-06-17 13:04:39','2005-05-15 00:38:19'),
('14','61','Qui cumque voluptate in accusamus. Et maxime atque occaecati rerum earum at. Ullam voluptate cumque sunt et tempora culpa. Omnis quam dolore nam tempore quo porro.','1980-06-30 09:38:24','2003-11-01 22:40:39'),
('15','43','Magni perspiciatis magni quasi ut voluptatem et neque. Ipsam nesciunt excepturi modi voluptates et nisi. Velit minima nulla ut.','1970-09-10 06:32:08','1991-08-17 12:45:10'),
('16','87','Molestias ratione velit architecto autem libero. Unde sed modi velit ea tempore velit tenetur.','1981-10-05 01:46:08','1971-04-16 11:05:38'),
('17','40','Doloremque alias odit qui a assumenda est aut. Quo aliquam porro qui qui mollitia qui veritatis beatae. Quis id unde aliquid sint possimus.','2014-06-30 17:02:55','1982-07-30 20:43:28'),
('18','29','Et maxime nihil et laboriosam et consequatur corrupti. Repellat eum cupiditate non rerum quos. Quis possimus voluptatem fuga quibusdam harum.','2013-03-02 07:43:42','2016-05-28 16:09:38'),
('19','23','Quis ex iste quae. Ea molestiae corporis et nihil mollitia voluptatibus. Quod rerum quidem rerum corporis sint sunt illo. At reiciendis maxime adipisci maiores sed amet.','2015-11-07 05:21:15','2008-07-26 05:43:30'),
('20','84','Error commodi occaecati veniam tempora molestias ad molestiae at. Voluptatem unde enim ullam ut ea voluptate aut ratione. Porro temporibus et et eum voluptatum.','1986-03-09 07:05:27','1980-08-11 05:47:39'),
('21','4','Id autem debitis qui possimus quisquam dolor vero. Est architecto voluptas ut voluptatem. Enim fuga quia repellat rem beatae necessitatibus mollitia sint.','2016-02-05 15:44:10','2006-11-15 16:54:43'),
('22','88','Enim expedita ab beatae accusantium debitis sit. Occaecati velit hic repellendus sed. Suscipit animi optio qui rerum quia ad. Et natus totam qui sint et.','1974-11-23 15:47:05','1990-10-17 18:21:42'),
('23','56','Minus quam praesentium amet dolores. Impedit eligendi libero nisi quis laboriosam et ab velit. Dignissimos quod quia alias nihil nulla iste.','1992-06-12 04:41:37','2016-06-10 17:20:45'),
('24','43','Quia rerum at quaerat rerum aut ut. Aut ut dignissimos nisi commodi amet est aut labore. Ut atque corrupti corrupti aut. Numquam voluptatem voluptatum fugit omnis.','1998-04-22 21:06:51','1992-12-26 03:04:58'),
('25','71','Molestias qui atque magni tempora. Alias magnam minima sapiente voluptatem aperiam. Dolore placeat explicabo sequi.','2017-01-18 21:38:34','1999-09-24 20:14:33'),
('26','64','Quos impedit et fuga nihil. Sint qui optio dolor nam aut dolor error blanditiis. Dolorem cumque molestias id aliquam et voluptas soluta.','1974-11-01 09:10:24','1981-01-30 12:22:03'),
('27','20','Quam ipsa aut et quia similique. Odit quia quibusdam ex dolor reprehenderit aut.','1996-04-20 16:53:12','2004-08-18 07:29:04'),
('28','88','Cupiditate itaque voluptates voluptates sint reiciendis doloremque. Illum non aut at alias. Expedita minus modi dolore quasi ea dolor. Est sunt et dolor quibusdam odio libero voluptate.','1977-07-21 01:11:23','1978-05-08 09:17:17'),
('29','24','Nulla exercitationem veritatis inventore veritatis similique rerum culpa. Maxime adipisci aliquam sit sed ut corrupti. Recusandae assumenda eveniet aliquid assumenda quaerat.','1971-09-19 02:17:10','2004-07-08 03:21:23'),
('30','100','Aliquid dolor placeat hic quia reiciendis similique occaecati. Mollitia rem voluptas culpa cumque et enim. Eum sit doloribus sunt in. Repellendus et ullam et dolore architecto qui aut officiis.','1985-12-21 08:52:24','1987-08-29 01:18:37'),
('31','87','Maiores aut magnam rem tenetur exercitationem aut. Saepe accusamus maxime exercitationem debitis beatae et sed. Ut quis omnis magnam ex perferendis omnis rem. Dolorum aperiam facilis perspiciatis et.','2011-04-22 05:28:20','1983-12-18 22:55:47'),
('32','18','Cumque molestias aut optio doloremque. Aspernatur occaecati corporis earum error nisi corporis placeat. Magnam eum veritatis esse voluptas et.','1982-07-01 12:04:49','1984-03-09 12:42:40'),
('33','74','Quasi molestias labore repellendus. Quam officia sunt et. Dolorem expedita repudiandae voluptatem qui accusantium ut cupiditate architecto. Laboriosam aliquid omnis amet labore.','1976-07-13 23:22:23','1986-11-06 22:11:42'),
('34','84','Voluptas qui ut vero optio excepturi quia. Quaerat reiciendis illum totam autem commodi. Ea beatae est ut dolorem qui error voluptatem.','1983-01-28 05:22:51','1977-11-23 11:14:36'),
('35','33','Voluptas dolore architecto suscipit error unde beatae. Perspiciatis quisquam doloremque ratione harum quia aperiam dolores eum. Aperiam non sed illum.','1972-01-18 14:02:28','2008-01-28 08:08:40'),
('36','71','Rerum voluptatibus rerum inventore cum repellat. Similique eligendi quisquam qui minus dicta quos. Inventore tempora est vitae.','2018-04-03 18:30:41','1983-05-07 03:21:31'),
('37','15','Cupiditate praesentium quo necessitatibus ea odio tempora. Et nihil aut aperiam quo quod. Libero sed consequatur esse quod. Sed inventore dolor qui et occaecati.','2015-10-12 11:13:08','1979-05-16 08:04:48'),
('38','95','Iure molestiae cum sapiente sed eos tenetur. Dolorem provident facilis est magni temporibus aliquid non. Quo optio consequuntur cumque repudiandae.','1983-02-04 15:17:16','1991-12-24 07:38:43'),
('39','7','Eum ducimus vero odit excepturi saepe optio. Eveniet beatae corporis porro molestias. Quo rerum labore aut. Ratione cum est ea delectus nisi voluptatem. Eum ex ex rerum cum magnam ut id.','2002-04-19 19:29:32','2015-12-21 06:57:38'),
('40','23','Libero ipsam aliquid inventore molestias deserunt quos porro assumenda. Asperiores fugit soluta quod inventore at sint. Blanditiis voluptatem totam omnis. Molestiae sequi aliquid aperiam fuga.','2018-06-14 21:07:49','1995-06-29 03:49:27'),
('41','28','Deleniti dolorum labore numquam deleniti. Repudiandae reprehenderit omnis id. Eum perspiciatis atque nihil voluptatem laborum.','1995-08-09 17:09:20','1996-08-21 12:50:49'),
('42','98','Numquam ut quis quod saepe commodi excepturi quae. Nobis cumque aperiam id ab. Nesciunt necessitatibus voluptas non.\nDolores ad et nam vel accusantium. At facere odio aut non iste quis quasi.','2010-06-04 19:03:04','2006-01-05 19:59:55'),
('43','68','Sunt sint sit ullam molestias occaecati. Minus voluptatem ad ea illo minima odio aliquid. Nulla officia occaecati id iste autem quo temporibus nisi.','2004-01-14 03:17:08','2019-09-16 07:09:46'),
('44','11','Quis laudantium sapiente pariatur rerum rerum mollitia. Sed ad autem nihil id libero molestiae est ad. Natus dignissimos a aut et quas dolorum id.','2003-01-31 03:10:10','1996-08-02 03:00:53'),
('45','59','Vel omnis est quo itaque error maiores. Eveniet voluptatum blanditiis fugiat voluptatibus voluptatem odit modi et. Provident ea possimus fugiat eos excepturi. Nisi non doloremque quaerat.','2019-01-08 10:47:00','1987-02-04 10:06:01'),
('46','10','Sed nulla nostrum rem autem. Autem consectetur deleniti soluta sunt. Eos repellendus placeat aut doloremque dolor dolor nobis. Hic tempore labore qui autem.','2004-06-24 09:33:51','1975-09-05 03:45:07'),
('47','98','A non quibusdam consequatur repellat eaque fuga incidunt. Numquam non omnis accusamus nihil nihil eligendi repellendus.','1990-01-06 09:03:41','1974-03-23 04:56:26'),
('48','99','Nobis in necessitatibus qui quibusdam molestiae aliquid iusto. Quas consequuntur vero molestiae quia numquam quia. Est libero explicabo ab autem beatae quae.','1996-02-09 07:22:24','1975-11-16 10:06:33'),
('49','39','At quam dolorem voluptatem beatae aut. Optio omnis reprehenderit est temporibus aut sed. Quibusdam sint incidunt nostrum et eum unde. Natus enim dolor assumenda optio commodi.','1974-12-06 14:47:06','2011-04-16 20:57:51'),
('50','20','Modi corrupti omnis autem et quos et ea. Nulla in sint magnam. Sapiente quaerat repellendus aut.\nUt inventore nostrum iusto ut sit voluptatem. Adipisci non eligendi facere deleniti rerum.','1980-05-21 08:56:02','2018-10-06 18:48:42'),
('51','82','Accusantium est ut quas necessitatibus iusto fuga. Temporibus omnis neque repellendus. Voluptas ex illo enim magni voluptatem fugiat. Voluptas earum voluptate cupiditate provident earum.','1993-04-25 00:05:52','2003-04-09 19:26:19'),
('52','43','Nam nostrum ut deleniti molestiae est sed. Et error distinctio molestiae doloribus similique quis aut. Illum ea est ut quos voluptatum et distinctio. Doloremque ad aut ratione voluptatem.','2004-10-28 13:45:51','1979-10-04 06:44:33'),
('53','7','Omnis aut assumenda consequatur quia. Architecto accusamus maxime perferendis necessitatibus laudantium qui. Velit debitis est aspernatur voluptatem ullam explicabo suscipit harum.','2008-01-13 11:20:00','1997-06-23 10:02:41'),
('54','37','Nihil veritatis cumque est accusantium. Molestiae fuga qui tenetur dolor quaerat et.','2003-06-24 13:04:16','1998-01-28 15:49:31'),
('55','85','Laudantium ratione error praesentium quos. Consequatur et illum et qui laudantium. Corporis voluptatem nisi qui est at animi voluptatum.','2018-01-19 08:36:18','2005-02-03 18:21:51'),
('56','78','Molestiae eaque nulla aut nemo cumque voluptas sit. Est saepe amet enim. Officiis excepturi repellat non. Quos dolores labore a et beatae consequatur.','1974-11-05 09:41:15','1995-06-13 05:16:09'),
('57','1','Et non quia ut est. Quia sequi itaque quis id earum provident fugiat aperiam. Aliquid consectetur expedita possimus doloremque voluptatibus numquam ut.','1976-05-18 03:33:18','2007-05-13 09:20:40'),
('58','4','Voluptatem quidem necessitatibus quod voluptas. Odio quidem dolores animi minima officia dolorem. Est laudantium animi repudiandae repellendus voluptatum. Excepturi tenetur magnam inventore.','2011-08-05 20:40:25','1995-12-22 06:00:45'),
('59','65','Ipsa praesentium ipsam quasi hic nihil. Nam suscipit deserunt ut aut et non optio. Amet quia odit repellendus et voluptas sed quam sit. Laborum eum repudiandae dolores suscipit dignissimos.','2005-06-28 22:11:31','1999-06-05 19:47:02'),
('60','24','Ducimus dolore sapiente explicabo expedita voluptatibus et quis. Repellat eaque voluptas voluptate est sapiente esse. Quas vel aperiam vel assumenda est.','2004-02-13 02:22:22','1979-04-26 07:56:40'),
('61','4','Dolor at eos est. Tenetur eaque et vel sit et enim. Architecto unde occaecati ut non et sequi. Nisi delectus velit ut vitae et unde.','2009-07-12 15:33:46','1972-09-27 09:21:03'),
('62','51','Quo architecto rerum labore illum omnis non modi. Atque dolores error tenetur rerum nostrum. Et maiores in dignissimos. Quis deleniti molestias totam repellat cupiditate perspiciatis vero.','2005-06-19 07:58:04','1986-02-20 16:53:49'),
('63','42','Et laboriosam non ipsam beatae. Ducimus omnis sed est quam eum odit repudiandae.','2016-12-31 07:53:29','2011-02-26 09:50:08'),
('64','78','Occaecati id aut iure exercitationem sunt. Magnam et voluptas ea quis quidem numquam ut. Aut doloremque sint asperiores possimus veniam consectetur ab assumenda.','1986-06-17 13:01:39','1982-01-25 22:53:29'),
('65','34','Rerum est iste debitis impedit excepturi quibusdam assumenda qui. Minima ratione sed occaecati doloremque tempore doloribus. Nisi facilis error facere incidunt earum consequatur eos.','2018-08-08 04:46:51','1976-12-23 21:13:16'),
('66','75','Et ratione est voluptates aut non expedita sed. Vel ex sed veniam tenetur. Sunt aut magni ut ea libero optio.','2012-09-20 10:23:04','1974-05-10 02:49:09'),
('67','48','Voluptatem fugiat asperiores eligendi rerum excepturi et. Est et rem ut aliquid et tempora. Aut voluptatibus odio molestiae qui cumque odio doloremque.','1992-02-04 10:00:23','1982-06-15 20:25:58'),
('68','49','Maxime rerum consectetur impedit nesciunt. Optio odit quas numquam et necessitatibus omnis reiciendis. In ex quia error est error tempora. Quo et dolor ducimus qui blanditiis dicta.','2005-10-28 14:02:47','2011-02-27 03:17:32'),
('69','69','Quia dolor est et autem sunt. Omnis atque dolore molestias debitis officia. Enim provident aut id. Rem saepe dolor odit et.','1980-09-03 18:46:40','1976-11-20 22:22:17'),
('70','54','Ratione reiciendis enim tenetur cumque. Unde nesciunt corrupti modi suscipit. Qui eligendi earum et natus nisi quia ut.','1971-02-07 22:58:16','1993-11-20 22:43:04'),
('71','71','Voluptas mollitia inventore atque dolorem eligendi earum repudiandae. Itaque nisi aliquam eius quia rerum id ipsam quos. Expedita recusandae minima nihil. Amet autem qui ipsum quam cumque.','1978-05-01 07:58:55','2017-10-31 22:26:35'),
('72','96','Reiciendis eveniet aut laborum quo mollitia consectetur. Nemo occaecati esse culpa quia quis maiores. Libero illum exercitationem maxime est qui accusamus necessitatibus. Omnis aut beatae et.','1986-10-05 03:33:02','1991-12-09 04:17:34'),
('73','52','Assumenda aut aperiam tenetur officiis. Omnis sit iste sed in repudiandae ut totam. Omnis dicta delectus animi quidem laborum aut nam mollitia.','2008-08-06 05:06:02','1994-11-02 13:27:44'),
('74','39','Eaque praesentium illo qui facilis quibusdam est consequatur. Temporibus autem non quo aut. Vitae id possimus unde enim neque totam.','1970-10-24 08:15:17','1976-10-20 15:17:05'),
('75','7','Distinctio distinctio ut vero eligendi et alias fugiat. Eligendi repudiandae et et similique. Doloribus recusandae officia molestiae et.','2005-05-01 12:52:59','1970-02-07 11:45:33'),
('76','10','Quam cumque temporibus nihil cupiditate occaecati et. Et blanditiis officia rerum optio mollitia ratione. Consequatur eligendi aut qui vel totam aliquam iste.','1988-12-28 20:53:15','2001-10-21 04:26:18'),
('77','49','Quibusdam consectetur eligendi qui cupiditate. Corrupti cum est doloribus omnis consequatur. Tempore voluptatibus repellat qui omnis. Quod qui magnam labore omnis ut excepturi.','2004-01-26 22:16:40','1998-02-25 08:46:40'),
('78','4','Perspiciatis quas provident sit est quo labore quas. Cumque mollitia rerum ut natus repudiandae. Sequi id nam quaerat ab reprehenderit molestias et. Pariatur accusamus quasi ut nulla iste.','1977-03-29 13:21:02','1971-08-06 09:47:59'),
('79','9','Qui quo exercitationem earum delectus. Voluptas nisi velit laborum. Sit dolor et reiciendis quia et. Quasi odio temporibus ab necessitatibus perferendis beatae.','1990-01-31 07:10:08','1988-10-25 21:07:01'),
('80','88','Aut nesciunt nihil voluptatem. Nemo ipsa sit sunt. Odit inventore ratione autem esse delectus error.','1973-09-13 08:40:31','1976-08-07 12:48:38'),
('81','24','Cum animi qui aliquam ipsam. Laboriosam nemo qui molestiae unde id quaerat veniam. Soluta minima dignissimos voluptates ut dolorem voluptatem. Ut tempore qui officiis maiores ut sit.','1980-09-02 13:49:29','1980-08-17 13:06:48'),
('82','90','Ut necessitatibus repellat quas soluta quos. Laborum sunt dolores sequi earum optio dolore. Et nobis numquam est tempore nihil et et. Velit quaerat sint non nesciunt quo.','1979-12-27 21:23:04','2018-05-26 01:09:26'),
('83','30','Qui tenetur ipsam ipsa explicabo. Occaecati non iste ut voluptatem odio. Dolores architecto aut aperiam quos. Incidunt error id consequatur ab dicta ipsam est ut.','1987-09-10 15:38:49','1978-01-18 10:59:01'),
('84','31','Sit eos incidunt provident et fugit voluptas fugit. Sed enim quos voluptatem aut dolores explicabo. Quod eius nihil dolores possimus. Voluptatem ipsum fugit ratione suscipit.','1970-01-27 20:39:54','1998-05-28 01:32:34'),
('85','27','Non ut omnis ea dolores maxime tenetur. Et mollitia aut soluta animi possimus blanditiis earum. Est aliquam odit sint nihil.','1988-03-02 10:33:42','2018-02-11 01:51:28'),
('86','14','Laudantium modi omnis suscipit error autem. Doloremque quidem voluptatem incidunt consequatur facere atque deserunt.','2018-11-07 04:45:22','2011-12-22 06:43:03'),
('87','8','Et sed mollitia vel nisi quis voluptas et. Aperiam aperiam incidunt ducimus est cumque perferendis. Dolorem totam nihil optio odit rerum dolorem perferendis commodi.','1998-03-03 06:40:38','2006-06-27 16:30:08'),
('88','27','Perferendis dolores quidem quis ea. Non voluptate repellat nulla nostrum nostrum suscipit eligendi.','1978-04-04 02:06:54','1978-10-20 18:35:10'),
('89','18','Id optio ducimus consequuntur. Error dolores praesentium aliquid numquam. Omnis harum reiciendis maxime non error qui ipsum.','1994-04-19 09:38:17','1983-02-21 22:36:09'),
('90','72','Vero odit in nam aliquam voluptatem accusantium. Qui quas culpa molestias facilis. Excepturi laboriosam eaque sit eligendi.','1984-09-01 00:36:58','1980-12-28 11:50:11'),
('91','51','Atque nihil eos unde quia et natus et. Maxime deserunt quo deserunt aliquam. Sit quisquam et possimus aut at sunt quae. Sed voluptas ea dolorum blanditiis. Vitae rerum perferendis et qui praesentium.','1975-11-20 08:00:40','1987-11-25 04:14:10'),
('92','22','Consequatur unde nostrum sed officia sit alias mollitia accusamus. Autem dicta enim aut non quo qui numquam. Odit ut non est molestias ducimus possimus sit. Accusantium blanditiis voluptate rerum ut.','2011-01-10 10:22:08','2007-03-15 11:51:03'),
('93','23','Voluptatem et eveniet laborum voluptatem aut. Pariatur autem sit quia beatae voluptas consequatur quia. Cum harum debitis distinctio et. Voluptatem et omnis quis voluptatem dignissimos at impedit.','1972-04-16 13:54:20','2017-03-25 05:23:28'),
('94','92','Debitis optio rerum eum. Beatae sed quae et ratione. Reprehenderit excepturi sunt autem nemo dolor iure possimus quo. Quam et aut tempore rem qui.','2000-04-16 05:11:31','1982-09-10 09:13:32'),
('95','99','Voluptas autem ut optio neque eum asperiores harum. Id quasi beatae sit in ut. Nesciunt nesciunt blanditiis autem maiores.','2008-10-13 19:57:53','1975-09-29 07:07:30'),
('96','57','Nesciunt nesciunt cum rerum error qui numquam. Provident veniam quis quae et. Corporis molestiae magni repudiandae reprehenderit voluptatem. Ex fuga optio voluptas laborum.','1993-10-03 22:55:56','1981-06-18 23:54:04'),
('97','66','Sint explicabo enim aut. Facilis debitis aut recusandae nesciunt. Quo suscipit ipsam corporis excepturi dolorum illo nam. Molestiae iusto omnis saepe a omnis. Id dolore rerum ducimus quis.','1989-03-08 02:24:16','1995-01-13 10:37:28'),
('98','46','Et magni voluptas nihil autem. Id dolores aut quia. Ipsam et fugiat accusantium qui autem quia.','2014-11-22 18:46:34','2016-11-27 15:47:33'),
('99','5','Ratione est autem dolore et. Nulla ea autem ut amet. Voluptatem tenetur est ipsa laboriosam nostrum voluptate. Perferendis quas qui facere qui omnis id quasi id.','1985-11-19 13:57:55','1992-03-14 19:38:00'),
('100','35','Id quam non eos temporibus rerum ipsa omnis. Porro qui expedita impedit. Ad sunt ab vitae ut qui quia nihil quod. Eaque aut eligendi ea magni repellat rerum sunt.','1993-03-23 03:17:40','1976-03-12 18:55:21'),
('101','100','Vel mollitia quasi est alias et ut. Laboriosam nihil et quidem quaerat perferendis incidunt quia. Qui molestias ea dicta.','1973-02-20 17:12:19','2000-05-23 19:34:52'),
('102','76','Non nostrum consequatur totam sed doloremque tempore ducimus. Consequatur delectus ut numquam asperiores in.','1996-07-23 09:58:09','1989-11-06 03:01:33'),
('103','31','Aspernatur hic ea officiis rerum velit natus consequatur rerum. Ipsum rerum necessitatibus iure deleniti ut delectus laboriosam. Doloribus est consectetur et quis modi laudantium.','1986-04-28 18:30:09','2004-08-18 13:26:38'),
('104','51','Animi iste iure aspernatur blanditiis consectetur illo aut. Et nisi voluptas est eaque. Voluptas eos pariatur dolorum vero odio quae ipsa dicta.','1990-09-11 22:56:47','1990-09-15 12:49:01'),
('105','15','Et dolores ducimus facere iusto quos ea ducimus. Deleniti facilis excepturi voluptas occaecati dolores et dolor amet. Deserunt accusantium necessitatibus autem dolorem.','1980-06-06 19:23:35','1982-06-27 04:10:28'),
('106','38','Voluptatem et quis dolor. Sed voluptas dolorem quo velit. Velit ipsa vitae rerum.','1980-07-04 13:41:36','1999-11-05 09:44:18'),
('107','61','Rerum voluptate quibusdam alias iusto quia quia. Necessitatibus beatae harum nam facere voluptates. Quo quis animi itaque quo ea nihil.','1980-12-30 10:28:09','1998-11-02 17:14:29'),
('108','64','Quo et ut aut velit blanditiis. Sapiente quo et expedita aliquid non maxime consequuntur possimus. Nulla possimus in sed autem esse. Voluptas delectus optio ratione.','2013-03-28 11:34:14','2019-07-27 17:08:10'),
('109','42','Rerum mollitia provident et eos impedit repellat. Ratione consequuntur repellendus ea sint.','1987-03-17 03:27:06','1981-10-24 12:56:08'),
('110','69','Laudantium qui fugit voluptate ut. Non accusamus est porro quis id sapiente ut. Amet consequatur ut deleniti. Fugiat quia velit similique doloribus totam. Et quia qui sit.','2007-05-22 12:43:06','2017-11-13 01:38:11'),
('111','51','Doloremque deserunt quidem perspiciatis perferendis voluptatem nostrum aut ea. Recusandae tempora ab possimus fugit. Sint necessitatibus qui quis ipsum enim nostrum totam ipsa.','1988-08-08 09:39:05','1980-07-03 00:44:10'),
('112','65','Deleniti distinctio et est deserunt. Qui repellendus enim incidunt sit. Iste veniam aut tempore et. Est cupiditate autem non impedit.','1983-03-08 01:39:14','1994-02-27 19:16:17'),
('113','59','Dolore qui ratione asperiores minima aut voluptates. Porro ad aut minima aspernatur illo minima. Sequi quis eos consequatur consequuntur quo.','2007-07-10 02:03:47','1994-08-08 22:29:30'),
('114','81','Officiis voluptas molestiae ut. Dignissimos quod esse error error aliquam. Et aut veniam voluptate est quasi omnis. Dolore ut nihil minus odit.','2003-11-07 17:44:50','1997-05-23 06:07:54'),
('115','96','Beatae iste voluptatem est sed qui perferendis. Officia est voluptate sequi quia mollitia. Odio voluptatem est officia reiciendis.','2001-10-29 22:54:54','1977-11-15 16:54:14'),
('116','85','Aut sit quia consequatur consectetur. Eius dolorum impedit enim corporis recusandae in. Eveniet sunt tempore nihil consequuntur sequi.','1979-07-29 20:07:50','2008-06-20 17:24:03'),
('117','95','Optio nemo sapiente omnis. Sunt earum ut fugit ut fugiat. Praesentium quaerat itaque ut ut hic consequuntur vel. Temporibus asperiores enim qui dolorum in saepe.','1979-02-05 01:19:02','1975-01-07 04:10:41'),
('118','3','Deleniti in odit aspernatur fugiat. Sit et atque id. Dolor inventore est eum aliquid qui aliquam. Dolores et facilis libero eligendi asperiores sapiente architecto vero.','1993-09-22 12:04:44','1988-06-17 02:39:26'),
('119','12','A est ipsa omnis totam optio modi. Id numquam voluptas enim molestias. Accusantium temporibus eum aut molestias dolorum non.','1983-04-22 04:09:27','2016-01-20 00:04:11'),
('120','12','Eum enim in laboriosam ab qui et. Natus quia repudiandae veniam aliquid amet dolorum animi voluptate. Amet praesentium voluptatem iste dolore eum dolore. Sequi labore facilis quas necessitatibus qui.','2008-12-26 18:57:46','1982-02-01 01:13:26'); 

INSERT INTO `photos` VALUES ('1','100','Et et saepe ex neque id doloribus.','1980-09-22 13:03:58'),
('2','23','Qui ipsam illo eligendi doloribus dolor autem odio.','2008-01-14 16:45:54'),
('3','74','Odio dignissimos eos id.','1975-04-20 01:10:20'),
('4','64','Velit qui ullam nihil perferendis praesentium eaque libero nihil.','1971-10-22 07:42:05'),
('5','78','Incidunt aut quia qui distinctio.','2016-11-05 23:17:03'),
('6','32','Et repellat vitae aliquid nulla quia.','1979-02-05 12:39:36'),
('7','93','Ut cupiditate est quaerat enim non enim mollitia.','1996-08-12 22:50:03'),
('8','5','Id mollitia vel consectetur ut.','1979-10-12 10:13:42'),
('9','93','Totam vero ex deserunt laborum.','1997-11-08 05:49:12'),
('10','53','Excepturi vitae architecto placeat nesciunt est quis et.','2012-08-17 12:19:21'),
('11','34','Nesciunt aut facilis delectus et sapiente quibusdam ea sit.','2019-02-02 02:37:16'),
('12','62','Assumenda saepe asperiores omnis assumenda.','1997-08-12 06:42:44'),
('13','83','Nulla esse eum veniam libero.','1992-07-01 12:43:17'),
('14','16','Dicta adipisci dolores a deleniti esse.','1978-03-10 22:56:36'),
('15','65','Facilis molestias tempore deleniti omnis.','1972-12-12 22:01:08'),
('16','28','Accusantium laborum rerum commodi maxime nihil ut omnis ipsum.','2001-07-26 07:07:28'),
('17','14','Deleniti maxime expedita architecto possimus.','1987-10-12 18:26:30'),
('18','14','Perferendis excepturi vel qui repellendus velit.','1995-10-10 06:18:22'),
('19','1','Rerum amet numquam delectus similique quisquam qui id.','1996-12-08 19:02:33'),
('20','79','Vitae perspiciatis a possimus est expedita pariatur delectus consectetur.','1974-09-28 10:50:13'),
('21','16','Ut porro quia similique et non voluptatibus est.','1973-02-15 02:43:19'),
('22','89','Et reprehenderit deleniti itaque animi molestiae.','2006-05-13 20:02:04'),
('23','63','Consequatur quasi libero velit facere autem et quae.','1993-10-09 06:25:49'),
('24','58','Odio sit ut quia veniam adipisci exercitationem deleniti.','2008-07-07 22:53:10'),
('25','94','Tempora nostrum voluptate ea eveniet voluptatem.','2014-07-23 11:21:45'),
('26','39','Qui atque incidunt ea aut unde deserunt.','1988-04-17 01:03:39'),
('27','23','Maxime consequatur sunt nam qui non.','1970-10-14 11:41:49'),
('28','44','Nemo qui iure quibusdam consectetur enim aperiam.','2014-12-17 02:37:00'),
('29','73','Alias quia et dolores sint porro culpa temporibus.','2011-04-25 21:01:15'),
('30','47','Facere tempore atque soluta distinctio ut ex.','2006-08-14 17:58:19'),
('31','51','Consectetur reprehenderit quasi quaerat accusantium expedita dolorem deleniti.','2012-10-22 04:40:03'),
('32','72','Hic culpa sunt aliquid sint fuga libero iste.','2011-11-03 03:15:45'),
('33','69','A aut qui cupiditate et quis.','2007-09-20 22:07:13'),
('34','24','Autem blanditiis incidunt totam molestiae quae error et.','1987-03-19 05:14:01'),
('35','35','Iusto sunt aliquam et quae sapiente voluptatem voluptate.','1972-12-12 10:41:25'),
('36','46','Voluptatem officiis occaecati voluptate asperiores commodi.','1993-08-07 07:42:06'),
('37','56','Hic voluptas suscipit aliquid temporibus.','1974-05-13 09:00:50'),
('38','28','Delectus officia voluptatem neque vitae hic adipisci modi.','2003-02-07 18:51:58'),
('39','50','Reiciendis placeat asperiores porro quia velit reprehenderit architecto labore.','1971-02-03 04:15:54'),
('40','48','Molestiae deleniti qui quisquam placeat atque qui odit.','1995-04-19 02:29:44'),
('41','81','Voluptatem perferendis voluptas temporibus necessitatibus repellat ut dicta.','1982-05-11 11:46:04'),
('42','84','Eos explicabo eos dolores quam.','2016-04-30 12:46:44'),
('43','10','Quia ut quia dolorem quam recusandae et alias aliquid.','2017-01-31 19:58:40'),
('44','63','In deserunt odio quidem modi quam voluptatem ut.','2003-10-16 13:08:03'),
('45','99','Deleniti unde est occaecati dicta natus quis cum et.','1989-11-19 03:29:28'),
('46','75','Eum vel quaerat qui est.','1985-10-09 11:40:36'),
('47','91','Id ut provident tempora quod architecto sit.','1984-12-18 02:40:16'),
('48','12','Dolores dolores voluptas autem.','2001-08-22 05:29:13'),
('49','89','Voluptatem eos molestiae aut quae vero est nihil.','1983-01-01 18:54:30'),
('50','91','Optio ut ipsum maxime nihil placeat.','1996-05-31 18:19:42'),
('51','91','Atque nulla sequi ea aperiam quod corrupti atque.','1976-07-13 09:33:41'),
('52','4','Hic deleniti beatae explicabo saepe.','2015-05-08 11:18:01'),
('53','80','Distinctio animi omnis illo quos.','2006-10-25 02:34:46'),
('54','53','Sint odit reiciendis hic eos dolorem iure a.','1971-08-09 07:38:49'),
('55','62','Iusto occaecati asperiores modi consequatur.','1998-09-26 23:58:34'); 

INSERT INTO `likes_on_photo` VALUES ('2','28'),
('2','40'),
('4','32'),
('7','10'),
('8','29'),
('11','29'),
('17','8'),
('18','21'),
('18','28'),
('22','2'),
('22','39'),
('23','45'),
('24','9'),
('27','27'),
('34','34'),
('34','49'),
('36','21'),
('38','22'),
('39','6'),
('40','6'),
('41','16'),
('41','48'),
('42','35'),
('44','53'),
('46','20'),
('46','30'),
('47','51'),
('51','19'),
('52','9'),
('53','28'),
('54','37'),
('61','1'),
('63','53'),
('64','18'),
('64','27'),
('64','38'),
('65','4'),
('68','6'),
('68','29'),
('68','39'),
('69','18'),
('74','34'),
('75','15'),
('80','40'),
('84','1'),
('84','9'),
('86','2'),
('88','31'),
('88','41'),
('90','38'),
('94','12'),
('97','28'),
('98','22'),
('99','43'),
('99','50'); 

INSERT INTO `likes_on_posts` VALUES ('1','5'),
('2','16'),
('4','23'),
('6','93'),
('7','66'),
('7','84'),
('22','81'),
('22','96'),
('23','16'),
('25','16'),
('25','39'),
('25','56'),
('27','27'),
('27','35'),
('30','56'),
('30','77'),
('30','95'),
('31','110'),
('38','57'),
('39','34'),
('39','50'),
('40','24'),
('40','36'),
('40','74'),
('41','78'),
('42','95'),
('48','70'),
('49','63'),
('50','12'),
('50','86'),
('51','111'),
('55','69'),
('55','83'),
('57','120'),
('59','96'),
('60','57'),
('60','93'),
('60','99'),
('61','27'),
('65','62'),
('66','11'),
('67','47'),
('69','86'),
('71','25'),
('75','2'),
('75','97'),
('80','90'),
('83','79'),
('84','79'),
('86','37'),
('86','117'),
('87','117'),
('88','26'),
('91','108'),
('93','1'),
('93','27'),
('93','69'),
('93','106'),
('94','34'),
('97','15'),
('98','108'),
('99','37'),
('100','12'); 

INSERT INTO `users_communities` VALUES ('3','21','0'),
('3','23','0'),
('7','4','1'),
('8','2','1'),
('10','35','0'),
('13','38','0'),
('15','17','0'),
('15','22','1'),
('16','9','0'),
('16','33','0'),
('16','36','0'),
('16','38','0'),
('19','27','0'),
('21','25','0'),
('21','30','0'),
('22','15','1'),
('23','20','0'),
('24','23','0'),
('25','6','1'),
('27','23','0'),
('27','34','0'),
('28','20','0'),
('31','6','0'),
('31','13','0'),
('34','8','0'),
('34','23','1'),
('36','1','1'),
('37','10','0'),
('37','39','1'),
('38','1','0'),
('38','33','1'),
('39','21','0'),
('39','40','1'),
('41','40','0'),
('44','17','1'),
('45','26','0'),
('46','22','0'),
('46','33','0'),
('48','7','0'),
('50','5','0'),
('50','37','0'),
('51','17','1'),
('51','30','1'),
('53','11','0'),
('53','13','0'),
('57','9','0'),
('61','6','1'),
('61','26','0'),
('63','21','1'),
('63','36','0'),
('64','18','1'),
('66','9','0'),
('66','38','0'),
('67','11','0'),
('69','26','0'),
('70','12','0'),
('71','11','1'),
('71','13','0'),
('71','38','1'),
('75','13','1'),
('75','17','0'),
('76','23','1'),
('79','17','1'),
('80','13','1'),
('86','1','0'),
('86','19','1'),
('86','34','0'),
('87','26','0'),
('88','15','0'),
('90','26','0'),
('90','28','1'),
('91','39','0'),
('94','16','0'),
('95','13','0'),
('96','20','0'),
('96','37','0'),
('97','33','0'),
('98','12','0'),
('98','28','0'),
('99','3','0'); 


INSERT INTO `friend_requests` VALUES ('2','8','unfriended','2018-02-17 12:59:37','1979-01-26 07:51:53'),
('3','24','requested','2003-10-28 11:20:40','1984-11-10 11:13:23'),
('3','53','requested','2005-02-17 09:58:24','2020-07-28 17:39:19'),
('3','63','requested','1990-06-02 21:54:56','2000-07-22 18:50:51'),
('3','87','unfriended','2004-06-29 14:13:51','1993-08-18 16:05:36'),
('3','95','approved','1995-02-16 03:17:46','1974-07-18 09:01:20'),
('5','6','declined','2012-08-13 18:16:12','2015-04-18 10:43:10'),
('6','33','unfriended','1987-08-18 14:04:59','2015-04-08 15:34:52'),
('7','34','declined','1989-05-23 02:17:39','1983-05-05 14:24:29'),
('7','93','requested','2013-02-26 08:29:14','2019-11-13 19:38:19'),
('8','24','approved','2010-09-26 01:00:18','1995-08-31 19:19:41'),
('11','58','approved','2003-07-26 03:33:57','1995-11-13 04:45:05'),
('11','62','declined','1989-11-09 10:41:24','1979-01-08 19:32:38'),
('11','73','approved','2005-04-09 08:37:03','1989-01-23 18:20:12'),
('12','53','unfriended','1983-11-15 08:46:12','1993-05-07 10:21:00'),
('13','4','approved','2007-01-24 23:10:00','1995-05-14 02:27:58'),
('13','12','unfriended','1987-12-10 00:44:51','2016-06-17 00:28:49'),
('14','94','declined','2007-03-18 05:49:08','1977-04-05 18:01:15'),
('15','16','requested','2019-10-26 15:59:48','2001-05-24 22:14:17'),
('15','42','declined','2006-06-07 09:28:31','1978-07-20 22:15:05'),
('16','18','declined','1993-12-25 19:57:46','2018-09-16 03:11:36'),
('16','68','approved','2007-04-06 04:07:31','1995-11-22 21:02:26'),
('16','81','declined','2009-01-09 00:11:48','1984-08-29 08:33:09'),
('18','26','declined','1994-08-31 19:36:17','2016-05-31 13:36:32'),
('18','51','approved','2007-05-27 18:43:42','1982-08-05 12:12:03'),
('19','10','requested','2004-08-25 08:58:48','2015-06-30 03:33:06'),
('19','17','unfriended','1994-01-07 06:52:11','2003-04-22 22:02:43'),
('19','74','approved','1983-07-23 04:33:13','1986-01-12 15:07:15'),
('19','94','approved','1970-08-23 12:12:18','2003-04-23 11:38:34'),
('20','6','approved','1992-10-11 21:44:48','1981-10-25 16:56:48'),
('21','59','requested','2001-09-14 03:06:22','1994-06-06 20:47:32'),
('21','90','requested','1973-07-23 15:50:43','1973-01-11 07:55:37'),
('22','37','declined','1983-01-18 17:04:55','1997-06-06 07:29:42'),
('23','80','requested','1978-06-25 18:52:25','2005-04-09 08:46:47'),
('25','76','declined','2007-08-07 07:07:27','2003-07-09 02:31:35'),
('28','32','declined','1996-01-10 17:23:25','1999-09-06 21:06:02'),
('28','58','requested','1983-01-28 05:20:50','2007-10-08 03:27:48'),
('29','13','approved','2010-02-10 01:21:46','1982-05-18 09:42:33'),
('30','71','declined','2014-01-02 23:13:40','1978-06-02 19:44:26'),
('30','88','declined','2002-09-18 21:03:31','1995-02-01 12:14:41'),
('31','44','unfriended','2014-05-31 20:29:41','2010-12-16 05:51:55'),
('32','48','declined','2007-11-08 07:46:08','1970-02-06 03:42:07'),
('32','98','requested','2018-10-17 15:02:26','2007-03-14 02:44:54'),
('33','37','declined','2019-11-10 02:19:52','1974-09-08 11:24:03'),
('33','50','approved','1994-08-10 00:32:41','2004-04-17 19:17:11'),
('33','82','declined','2020-04-02 22:32:18','1987-08-19 21:19:54'),
('33','86','unfriended','1991-07-29 07:09:54','2010-04-12 05:45:10'),
('34','55','declined','1994-01-05 02:04:30','2012-02-02 10:08:51'),
('35','35','requested','2015-05-13 18:38:26','1986-10-16 23:45:00'),
('37','41','declined','1992-05-06 03:48:33','1990-04-06 10:11:52'),
('38','34','requested','1983-02-25 00:51:48','1978-02-17 11:44:20'),
('38','62','unfriended','1996-02-06 22:02:27','2018-03-08 15:35:58'),
('38','63','unfriended','2015-04-24 19:36:27','2019-10-12 18:59:56'),
('38','93','declined','2018-09-27 03:01:11','1988-09-09 01:12:30'),
('39','34','declined','2010-11-11 21:44:49','1973-11-27 10:27:19'),
('39','78','requested','1975-03-25 02:08:39','1987-02-13 01:32:44'),
('39','90','declined','1981-08-27 02:55:01','1981-03-27 22:08:08'),
('40','13','approved','1971-05-31 08:10:54','1972-02-03 01:12:09'),
('41','30','approved','1972-01-31 17:39:53','2007-07-28 12:24:17'),
('42','5','approved','1986-03-27 00:19:32','1976-12-31 03:59:13'),
('43','43','declined','2000-01-06 20:30:26','1977-12-17 12:46:33'),
('43','44','approved','1995-11-06 15:31:36','2005-01-20 00:19:39'),
('43','67','requested','1990-04-05 02:23:00','1987-09-08 07:08:43'),
('43','71','unfriended','1976-05-24 15:51:49','1987-01-12 02:39:25'),
('43','82','approved','1985-12-31 16:42:17','1981-12-09 23:25:00'),
('44','51','approved','1973-10-16 03:57:41','2018-01-13 06:41:32'),
('45','15','approved','2008-12-24 16:19:26','1978-01-07 11:19:19'),
('46','5','declined','1990-08-24 17:36:58','1989-10-14 00:14:05'),
('46','20','declined','1991-12-25 01:31:30','1989-01-08 05:29:09'),
('48','99','requested','1989-04-25 21:05:38','2012-04-06 02:00:06'),
('50','46','declined','1973-09-17 03:46:08','1985-12-04 00:36:21'),
('50','81','declined','1987-05-26 01:53:14','1980-05-27 20:29:04'),
('51','65','approved','2011-03-09 15:21:02','1993-06-09 15:28:32'),
('53','32','declined','2012-10-27 11:04:02','2018-12-19 11:02:18'),
('54','95','unfriended','1999-11-13 09:41:07','2004-06-05 00:09:29'),
('54','97','unfriended','2002-08-16 10:28:32','1993-05-18 01:31:43'),
('55','100','approved','2000-08-09 15:48:56','1983-07-04 02:29:28'),
('58','71','declined','1975-09-04 20:56:30','1984-03-14 16:43:38'),
('59','4','declined','1989-06-11 03:04:13','1998-11-11 03:16:40'),
('59','36','unfriended','2011-12-18 01:21:53','1979-02-01 08:40:14'),
('59','46','declined','2016-11-05 07:09:18','1998-07-02 15:52:01'),
('59','76','approved','1986-05-13 22:17:09','1971-06-14 02:07:19'),
('60','65','approved','1990-01-22 13:19:18','1974-12-17 13:02:51'),
('61','13','unfriended','1977-02-02 14:01:44','1995-05-21 10:53:18'),
('61','39','unfriended','2007-04-10 19:21:04','1987-02-25 03:15:12'),
('61','67','unfriended','2017-12-20 20:53:18','2003-11-23 03:36:34'),
('62','84','declined','1993-03-27 02:54:50','2018-01-20 10:43:38'),
('63','75','requested','1999-01-23 01:18:09','2018-11-28 18:23:50'),
('65','14','approved','1984-05-09 13:32:37','1984-03-07 06:13:33'),
('65','50','requested','1973-06-14 09:00:23','1996-06-02 20:29:44'),
('65','58','approved','1972-05-01 19:58:35','2015-06-26 08:06:21'),
('66','12','approved','2013-05-16 17:10:05','2009-11-10 10:01:52'),
('66','15','declined','2015-07-12 13:52:08','1999-11-24 20:31:51'),
('66','32','unfriended','1999-05-18 09:50:45','2002-07-16 19:20:19'),
('66','51','approved','1999-02-07 14:49:02','2002-07-05 10:50:23'),
('66','93','declined','1986-10-07 23:41:51','1977-05-02 23:43:02'),
('67','1','unfriended','2013-10-15 19:56:51','1993-11-08 13:24:19'),
('68','50','requested','1981-12-26 15:30:29','1984-11-25 06:19:07'),
('69','28','unfriended','1975-03-05 02:10:55','2007-09-07 00:59:40'),
('72','78','requested','1983-04-08 08:38:52','2017-12-23 18:10:16'),
('72','98','unfriended','1971-03-03 00:44:41','1996-03-20 02:11:12'),
('74','40','declined','2002-10-07 10:22:03','1992-03-09 09:22:34'),
('74','41','declined','1994-03-29 08:28:21','2007-04-28 18:37:33'),
('76','64','declined','2012-07-22 01:06:33','1975-10-20 11:41:16'),
('77','27','approved','2016-07-10 07:21:48','1986-06-17 21:39:29'),
('77','53','requested','1988-08-27 21:11:42','2013-06-16 03:47:20'),
('78','43','requested','2007-01-02 09:55:41','2010-05-23 10:21:31'),
('79','10','approved','2009-09-13 13:03:28','1984-06-18 05:34:07'),
('79','44','requested','1978-01-24 03:37:31','1987-07-11 20:00:07'),
('80','20','unfriended','2004-01-01 02:11:12','2017-09-16 19:09:25'),
('81','3','approved','1988-08-04 19:39:36','2010-06-25 23:03:26'),
('81','22','declined','2009-10-31 23:45:11','1984-05-07 22:33:37'),
('81','37','unfriended','2001-05-06 19:27:10','2002-10-06 02:50:45'),
('81','48','unfriended','1987-09-08 19:15:24','1970-07-26 00:04:51'),
('82','60','unfriended','1977-04-08 02:01:42','2010-07-25 16:42:40'),
('84','44','requested','1978-02-08 21:39:36','2006-12-19 08:12:15'),
('85','23','unfriended','1997-04-16 18:56:30','2017-02-17 08:14:27'),
('85','35','approved','1994-03-10 10:52:55','2014-08-07 18:07:04'),
('85','65','requested','2014-09-23 10:07:26','2000-04-19 11:16:45'),
('85','94','requested','1998-11-11 11:12:35','1975-01-07 10:30:42'),
('85','100','requested','1975-01-02 17:01:35','2012-11-10 05:40:39'),
('86','81','approved','2005-05-11 22:59:44','1991-01-03 02:48:28'),
('87','63','declined','2018-06-04 23:12:58','1995-03-25 12:16:09'),
('87','72','approved','1974-01-01 21:53:02','1978-06-02 14:07:03'),
('88','27','declined','1999-06-15 09:08:06','1970-12-09 23:45:54'),
('89','15','approved','2003-09-06 16:13:32','1991-10-11 23:03:14'),
('89','74','approved','1987-03-17 22:53:07','1986-07-04 11:47:37'),
('89','81','requested','2006-03-09 22:22:41','1976-03-28 16:28:14'),
('89','94','declined','1979-04-25 14:46:00','2003-04-06 07:52:09'),
('90','38','requested','2004-04-13 18:02:56','1991-10-10 08:17:32'),
('90','49','approved','2000-12-08 19:15:17','2009-06-24 21:24:36'),
('91','46','requested','1971-10-12 14:37:14','2018-11-12 09:00:34'),
('92','23','requested','1981-02-24 17:40:53','1974-08-18 14:50:21'),
('92','35','requested','1971-04-18 00:09:13','1988-06-16 15:17:22'),
('92','43','declined','1973-05-02 15:33:02','2020-04-11 01:21:18'),
('92','87','declined','1974-05-04 23:32:27','1987-01-26 11:48:33'),
('93','19','declined','1978-10-20 03:30:59','1982-11-14 17:57:08'),
('93','90','approved','1980-05-27 09:52:32','1996-11-12 16:34:09'),
('94','1','declined','1998-09-20 04:36:56','2014-01-08 22:55:30'),
('94','38','approved','1972-08-04 23:46:09','2009-06-14 18:59:50'),
('95','99','requested','2001-05-03 17:40:48','2018-09-16 00:42:35'),
('96','68','unfriended','1989-04-06 20:14:24','1998-08-01 00:58:14'),
('96','95','unfriended','1986-11-24 18:56:53','1979-09-11 02:42:50'),
('97','32','declined','1992-04-29 22:17:54','2014-12-28 09:55:03'),
('98','22','requested','1999-08-14 04:38:11','1977-09-25 21:31:45'),
('98','56','approved','2008-10-09 13:42:10','1978-02-18 04:30:55'),
('98','77','requested','1975-03-17 05:55:51','2008-09-01 22:10:22'),
('99','96','declined','1972-02-20 21:57:55','1997-09-20 09:01:17'),
('100','39','declined','1992-09-26 12:13:27','2019-01-23 00:48:50'),
('100','74','unfriended','2018-04-27 09:42:09','1980-12-14 20:15:01'); 

INSERT INTO `messages` VALUES ('1','76','42','Australia?\' (and she tried another question. \'What sort of present!\' thought Alice. \'I don\'t even know what they\'re about!\' \'Read them,\' said the Hatter. \'Nor I,\' said the March Hare had just.','1','1998-09-16 22:51:16'),
('2','1','92','A large rose-tree stood near the centre of the tail, and ending with the next verse.\' \'But about his toes?\' the Mock Turtle, who looked at it, and they can\'t prove I did: there\'s no use going back.','0','2005-08-08 10:45:22'),
('3','31','77','My notion was that she still held the pieces of mushroom in her French lesson-book. The Mouse gave a little scream of laughter. \'Oh, hush!\' the Rabbit whispered in reply, \'for fear they should.','0','1997-03-04 08:28:50'),
('4','61','32','I\'ll manage better this time,\' she said to herself, \'I wish I hadn\'t drunk quite so much!\' said Alice, \'because I\'m not particular as to size,\' Alice hastily replied; \'only one doesn\'t like changing.','0','2019-09-15 19:59:13'),
('5','7','87','I say--that\'s the same thing as \"I get what I used to come down the little golden key, and unlocking the door and found quite a new pair of white kid gloves and the fan, and skurried away into the.','1','2015-03-30 00:47:40'),
('6','20','2','Alice had not a moment to be nothing but a pack of cards!\' At this moment the door with his whiskers!\' For some minutes it seemed quite dull and stupid for life to go from here?\' \'That depends a.','0','1992-08-07 08:06:31'),
('7','12','47','And he added in an encouraging opening for a minute or two, which gave the Pigeon in a trembling voice to a farmer, you know, and he hurried off. Alice thought this a good deal on where you want to.','0','1983-01-27 10:21:20'),
('8','57','7','Alice; \'I daresay it\'s a very little use, as it was out of sight: then it watched the White Rabbit put on her face in some book, but I hadn\'t begun my tea--not above a week or so--and what with the.','0','2018-07-08 16:43:16'),
('9','24','36','I don\'t keep the same thing as a partner!\' cried the Mock Turtle replied, counting off the fire, licking her paws and washing her face--and she is of yours.\"\' \'Oh, I know!\' exclaimed Alice, who had.','0','2013-04-26 10:51:48'),
('10','15','91','King in a low, trembling voice. \'There\'s more evidence to come before that!\' \'Call the first question, you know.\' \'Not at first, but, after watching it a very deep well. Either the well was very.','0','1975-05-20 13:31:15'),
('11','1','9','AT ALL. Soup does very well as she spoke, but no result seemed to quiver all over with William the Conqueror.\' (For, with all their simple sorrows, and find a pleasure in all their simple sorrows,.','0','1990-09-28 03:10:18'),
('12','17','26','Hatter were having tea at it: a Dormouse was sitting on a crimson velvet cushion; and, last of all this time. \'I want a clean cup,\' interrupted the Gryphon. \'Of course,\' the Dodo in an impatient.','1','1984-05-26 15:02:53'),
('13','78','28','Mouse, frowning, but very glad to find it out, we should all have our heads cut off, you know. Please, Ma\'am, is this New Zealand or Australia?\' (and she tried her best to climb up one of them even.','1','1978-11-09 09:10:41'),
('14','52','42','Said he thanked the whiting kindly, but he now hastily began again, using the ink, that was linked into hers began to tremble. Alice looked at her, and the m--\' But here, to Alice\'s side as she.','0','2009-10-01 17:10:33'),
('15','27','40','I almost wish I\'d gone to see what was coming. It was so small as this is May it won\'t be raving mad--at least not so mad as it can talk: at any rate it would be offended again. \'Mine is a very.','1','2003-06-22 13:40:18'),
('16','95','2','That WILL be a queer thing, to be said. At last the Caterpillar took the place of the window, I only wish it was,\' said the Hatter, it woke up again with a table in the last time she found herself.','0','1981-03-28 08:34:30'),
('17','81','95','Alice asked in a Little Bill It was as steady as ever; Yet you turned a back-somersault in at the mushroom (she had grown in the sun. (IF you don\'t know what you like,\' said the Hatter. \'Stolen!\'.','1','1972-04-12 22:28:55'),
('18','93','12','Alice thoughtfully: \'but then--I shouldn\'t be hungry for it, he was speaking, so that by the soldiers, who of course was, how to spell \'stupid,\' and that you think you might like to show you! A.','0','2006-05-05 08:29:42'),
('19','72','54','I goes like a telescope! I think you\'d better finish the story for yourself.\' \'No, please go on!\' Alice said very politely, \'for I never understood what it might happen any minute, \'and then,\'.','0','2006-04-26 16:32:59'),
('20','43','78','Queen\'s absence, and were quite silent, and looked at it gloomily: then he dipped it into his cup of tea, and looked anxiously over his shoulder with some surprise that the meeting adjourn, for the.','0','1989-05-31 22:43:37'),
('21','40','63','Number One,\' said Alice. \'Then it ought to be a person of authority among them, called out, \'Sit down, all of you, and must know better\'; and this Alice would not stoop? Soup of the lefthand bit. *.','1','1996-04-02 09:12:25'),
('22','79','52','Here the other two were using it as you say pig, or fig?\' said the King. \'It began with the tea,\' the March Hare. \'I didn\'t write it, and yet it was sneezing and howling alternately without a great.','0','1992-03-22 11:01:39'),
('23','9','35','I\'ll manage better this time,\' she said to Alice. \'What IS the same solemn tone, only changing the order of the gloves, and was just possible it had gone. \'Well! I\'ve often seen a cat without a.','0','1994-02-06 01:28:56'),
('24','59','33','White Rabbit, \'and that\'s a fact.\' Alice did not see anything that had fallen into a tidy little room with a sigh: \'it\'s always tea-time, and we\'ve no time to begin at HIS time of life. The King\'s.','1','1997-12-29 20:35:27'),
('25','71','73','March Hare had just begun to think that very few little girls eat eggs quite as much as serpents do, you know.\' It was, no doubt: only Alice did not seem to see if she had not a moment to be almost.','1','1994-01-12 05:15:10'),
('26','23','72','All the time at the top of it. She went on again: \'Twenty-four hours, I THINK; or is it directed to?\' said one of the hall: in fact she was as much as serpents do, you know.\' \'And what an ignorant.','1','1982-07-20 15:32:44'),
('27','81','40','Why, I do wonder what they WILL do next! As for pulling me out of its mouth again, and said, \'So you did, old fellow!\' said the Mock Turtle said: \'I\'m too stiff. And the executioner myself,\' said.','0','2015-09-12 16:20:35'),
('28','97','59','YOU?\' said the Dodo. Then they all spoke at once, she found this a very grave voice, \'until all the jelly-fish out of its mouth and yawned once or twice she had this fit) An obstacle that came.','0','1983-10-20 16:22:22'),
('29','67','49','Alice: \'--where\'s the Duchess?\' \'Hush! Hush!\' said the youth, \'as I mentioned before, And have grown most uncommonly fat; Yet you finished the guinea-pigs!\' thought Alice. One of the house, and.','1','1985-04-21 12:23:02'),
('30','100','93','The Dormouse slowly opened his eyes. \'I wasn\'t asleep,\' he said in an undertone to the executioner: \'fetch her here.\' And the muscular strength, which it gave to my boy, I beat him when he sneezes:.','0','1979-01-23 10:35:53'),
('31','88','95','ME.\' \'You!\' said the Pigeon went on, \'you throw the--\' \'The lobsters!\' shouted the Queen. An invitation for the next witness!\' said the Hatter. \'Does YOUR watch tell you my history, and you\'ll.','0','1978-03-09 09:26:13'),
('32','95','69','I hadn\'t begun my tea--not above a week or so--and what with the dream of Wonderland of long ago: and how she would gather about her and to stand on their slates, \'SHE doesn\'t believe there\'s an.','0','1970-12-01 12:52:09'),
('33','89','88','WHAT things?\' said the Hatter, it woke up again as she spoke. (The unfortunate little Bill had left off quarrelling with the Queen,\' and she heard a little girl or a watch to take out of sight: \'but.','0','1995-03-09 20:18:08'),
('34','80','60','THE BOOTS AND SHOES.\' the Gryphon hastily. \'Go on with the strange creatures of her ever getting out of the teacups as the whole head appeared, and then raised himself upon tiptoe, put his mouth.','0','1986-11-09 22:59:45'),
('35','41','22','IN the well,\' Alice said very politely, \'if I had it written down: but I can\'t quite follow it as well go in at the Footman\'s head: it just at first, the two creatures got so close to them, and.','0','1987-08-31 12:52:00'),
('36','37','81','The Duchess took no notice of her voice. Nobody moved. \'Who cares for you?\' said Alice, in a day or two: wouldn\'t it be of very little use, as it spoke. \'As wet as ever,\' said Alice thoughtfully:.','1','1974-06-03 15:19:53'),
('37','85','16','Alice called after it; and while she was losing her temper. \'Are you content now?\' said the Rabbit\'s voice; and the Queen\'s hedgehog just now, only it ran away when it had gone. \'Well! I\'ve often.','0','1997-08-16 13:17:37'),
('38','32','94','YOUR shoes done with?\' said the March Hare moved into the wood to listen. \'Mary Ann! Mary Ann!\' said the Hatter, and here the conversation dropped, and the great wonder is, that I\'m perfectly sure I.','0','1980-12-24 13:40:18'),
('39','51','90','King: \'however, it may kiss my hand if it makes rather a complaining tone, \'and they drew all manner of things--everything that begins with an important air, \'are you all ready? This is the reason.','0','2015-11-17 22:38:27'),
('40','26','21','She had already heard her voice close to them, they were nice grand words to say.) Presently she began fancying the sort of people live about here?\' \'In THAT direction,\' the Cat went on, very much.','1','1992-10-20 18:36:42'),
('41','63','49','Bill,\' she gave one sharp kick, and waited till the Pigeon went on, \'I must be the right words,\' said poor Alice, \'to pretend to be afraid of it. Presently the Rabbit in a day did you do either!\'.','1','1972-07-12 23:26:30'),
('42','92','44','Tortoise--\' \'Why did they draw the treacle from?\' \'You can draw water out of its mouth open, gazing up into the air, mixed up with the next verse.\' \'But about his toes?\' the Mock Turtle, and said.','0','1986-07-07 00:07:43'),
('43','88','89','It was the first sentence in her pocket) till she was now, and she set to work throwing everything within her reach at the cook till his eyes very wide on hearing this; but all he SAID was, \'Why is.','0','1989-02-17 07:26:47'),
('44','2','54','Gryphon, and, taking Alice by the time at the March Hare. The Hatter looked at her, and she said to one of the Nile On every golden scale! \'How cheerfully he seems to suit them!\' \'I haven\'t the.','0','1980-12-28 10:46:00'),
('45','37','2','Dodo, \'the best way to explain it is all the rats and--oh dear!\' cried Alice in a sulky tone, as it went. So she swallowed one of them.\' In another moment that it would be as well be at school at.','0','1997-05-26 01:47:46'),
('46','47','24','HERE.\' \'But then,\' thought she, \'what would become of it; so, after hunting all about it!\' and he went on in a sort of meaning in them, after all. I needn\'t be so stingy about it, even if I shall be.','1','1984-08-27 05:41:08'),
('47','96','41','Alice laughed so much surprised, that for two Pennyworth only of beautiful Soup? Beau--ootiful Soo--oop! Beau--ootiful Soo--oop! Beau--ootiful Soo--oop! Soo--oop of the tail, and ending with the.','0','2004-09-22 04:06:45'),
('48','92','85','Mock Turtle a little scream, half of them--and it belongs to a mouse, you know. Please, Ma\'am, is this New Zealand or Australia?\' (and she tried her best to climb up one of the goldfish kept running.','0','2012-05-18 05:39:20'),
('49','28','71','March Hare, \'that \"I breathe when I find a number of executions the Queen jumped up in spite of all her knowledge of history, Alice had been wandering, when a sharp hiss made her look up in spite of.','1','2020-05-31 23:08:40'),
('50','45','69','The Cat seemed to her ear. \'You\'re thinking about something, my dear, and that you have to fly; and the sounds will take care of the what?\' said the Caterpillar. This was not easy to know your.','1','1981-04-18 23:44:13'),
('51','93','82','Alice said very politely, \'for I can\'t tell you how the Dodo managed it.) First it marked out a race-course, in a tone of great relief. \'Call the first to speak. \'What size do you know that Cheshire.','0','1981-10-08 06:18:20'),
('52','49','78','The three soldiers wandered about for it, you know.\' \'Not at all,\' said the Mouse, turning to the other side of the Queen\'s absence, and were resting in the distance, and she looked down, was an.','1','1997-08-09 07:51:43'),
('53','97','81','I\'m better now--but I\'m a hatter.\' Here the Dormouse again, so violently, that she began thinking over all the time when she went on, taking first one side and then hurried on, Alice started to her.','0','1998-07-13 18:50:41'),
('54','71','47','ALL RETURNED FROM HIM TO YOU,\"\' said Alice. \'Exactly so,\' said the Caterpillar; and it said in a hoarse growl, \'the world would go anywhere without a grin,\' thought Alice; \'I can\'t go no lower,\'.','1','2005-10-03 05:57:38'),
('55','71','96','Alice, and tried to get hold of this rope--Will the roof bear?--Mind that loose slate--Oh, it\'s coming down! Heads below!\' (a loud crash)--\'Now, who did that?--It was Bill, I fancy--Who\'s to go from.','1','1996-04-02 01:25:39'),
('56','68','34','London is the same side of the miserable Mock Turtle. So she set to work, and very nearly in the direction it pointed to, without trying to find that the mouse to the Queen, turning purple. \'I.','0','1972-02-28 00:40:52'),
('57','44','59','Alice could see this, as she went on. Her listeners were perfectly quiet till she was exactly one a-piece all round. (It was this last word two or three pairs of tiny white kid gloves in one hand.','1','1994-02-09 05:21:39'),
('58','77','32','Come on!\' \'Everybody says \"come on!\" here,\' thought Alice, \'it\'ll never do to hold it. As soon as there seemed to have wondered at this, that she had felt quite relieved to see if there are, nobody.','1','1997-06-05 18:42:27'),
('59','48','79','She was walking by the fire, licking her paws and washing her face--and she is such a wretched height to rest herself, and shouted out, \'You\'d better not do that again!\' which produced another dead.','0','1970-01-06 19:38:44'),
('60','85','84','For he can EVEN finish, if he doesn\'t begin.\' But she went on, \'\"--found it advisable to go among mad people,\' Alice remarked. \'Oh, you can\'t swim, can you?\' he added, turning to the seaside once in.','1','1981-01-22 17:53:40'),
('61','80','32','It quite makes my forehead ache!\' Alice watched the Queen furiously, throwing an inkstand at the stick, running a very little way off, panting, with its arms folded, quietly smoking a long argument.','0','2006-02-28 04:56:35'),
('62','8','76','I\'ll eat it,\' said Alice. \'You are,\' said the King; and as it went. So she stood still where she was, and waited. When the procession moved on, three of the deepest contempt. \'I\'ve seen a good deal.','0','2013-04-17 04:58:55'),
('63','72','100','Hatter, and, just as the rest waited in silence. Alice noticed with some surprise that the way of nursing it, (which was to twist it up into hers--she could hear the very middle of her little.','0','2009-10-22 12:54:41'),
('64','61','100','Cheshire cats always grinned; in fact, a sort of chance of getting her hands up to her that she could see, when she had got to see the Queen. \'I haven\'t the slightest idea,\' said the King, the.','1','1990-10-08 06:16:12'),
('65','71','5','For some minutes it puffed away without speaking, but at the frontispiece if you only walk long enough.\' Alice felt a very good advice, (though she very good-naturedly began hunting about for them,.','0','1973-06-16 04:54:16'),
('66','69','64','She was close behind her, listening: so she went on just as I tell you!\' said Alice. \'That\'s the reason and all her fancy, that: he hasn\'t got no sorrow, you know. Please, Ma\'am, is this New Zealand.','1','1987-02-03 22:00:12'),
('67','86','18','Normans--\" How are you thinking of?\' \'I beg pardon, your Majesty,\' he began. \'You\'re a very short time the Queen was in such a tiny golden key, and unlocking the door as you can--\' \'Swim after.','1','1972-10-25 08:15:54'),
('68','41','82','One,\' said Alice. \'Nothing WHATEVER?\' persisted the King. Here one of the baby, and not to lie down upon her: she gave a look askance-- Said he thanked the whiting kindly, but he could go. Alice.','1','1979-10-26 08:03:09'),
('69','98','11','Father William,\' the young lady tells us a story.\' \'I\'m afraid I can\'t take more.\' \'You mean you can\'t take more.\' \'You mean you can\'t think! And oh, my poor little thing was waving its right paw.','1','1978-07-12 22:17:19'),
('70','29','69','You MUST have meant some mischief, or else you\'d have signed your name like an arrow. The Cat\'s head began fading away the time. Alice had been to the table, but there were TWO little shrieks, and.','0','1983-04-04 11:28:03'),
('71','7','96','Dodo, pointing to Alice to herself, as usual. \'Come, there\'s no use speaking to a lobster--\' (Alice began to cry again, for really I\'m quite tired of this. I vote the young man said, \'And your hair.','1','2007-12-28 07:01:55'),
('72','2','51','CHAPTER IV. The Rabbit Sends in a deep voice, \'What are they doing?\' Alice whispered to the jury, in a melancholy tone: \'it doesn\'t seem to come down the bottle, she found she could not join the.','1','2016-09-09 23:57:59'),
('73','55','78','LESS,\' said the Caterpillar. This was quite tired of swimming about here, O Mouse!\' (Alice thought this must be kind to them,\' thought Alice, \'it\'ll never do to hold it. As soon as there was.','1','2017-10-24 08:45:02'),
('74','82','2','Alice indignantly. \'Let me alone!\' \'Serpent, I say again!\' repeated the Pigeon, but in a large mustard-mine near here. And the executioner myself,\' said the others. \'We must burn the house before.','0','2017-12-16 07:08:02'),
('75','56','67','Alice: \'I don\'t think it\'s at all the way out of the words did not see anything that looked like the Mock Turtle, who looked at Alice, as she spoke--fancy CURTSEYING as you\'re falling through the.','1','2004-12-22 00:37:26'),
('76','86','36','CHAPTER II. The Pool of Tears \'Curiouser and curiouser!\' cried Alice hastily, afraid that she had plenty of time as she could, for the garden!\' and she jumped up and beg for its dinner, and all the.','1','2011-01-30 10:23:00'),
('77','98','93','The Duchess took no notice of them at last, with a T!\' said the White Rabbit, trotting slowly back to the executioner: \'fetch her here.\' And the muscular strength, which it gave to my right size for.','0','1984-06-04 07:40:09'),
('78','12','69','Father William,\' the young man said, \'And your hair has become very white; And yet I don\'t care which happens!\' She ate a little ledge of rock, and, as there was no label this time she had but to.','1','1997-01-11 06:31:15'),
('79','93','72','Hatter: \'as the things I used to it in with a knife, it usually bleeds; and she tried hard to whistle to it; but she ran across the field after it, never once considering how in the distance,.','1','2018-10-31 13:57:46'),
('80','69','63','NOT marked \'poison,\' it is you hate--C and D,\' she added aloud. \'Do you know I\'m mad?\' said Alice. \'Of course not,\' Alice cautiously replied, not feeling at all what had become of me?\' Luckily for.','1','1974-12-18 00:04:29'),
('81','77','37','Gryphon repeated impatiently: \'it begins \"I passed by his face only, she would gather about her pet: \'Dinah\'s our cat. And she\'s such a thing I ask! It\'s always six o\'clock now.\' A bright idea came.','0','2012-07-01 19:48:55'),
('82','27','62','Alice, timidly; \'some of the evening, beautiful Soup! Soup of the cakes, and was suppressed. \'Come, that finished the goose, with the edge of her little sister\'s dream. The long grass rustled at her.','0','1973-10-04 20:08:28'),
('83','54','67','Queen was silent. The King looked anxiously over his shoulder with some severity; \'it\'s very easy to know what to uglify is, you know. Come on!\' \'Everybody says \"come on!\" here,\' thought Alice, \'as.','1','1988-07-14 01:25:11'),
('84','44','52','White Rabbit blew three blasts on the floor, and a scroll of parchment in the other. In the very tones of her ever getting out of the baby, and not to lie down upon her: she gave one sharp kick, and.','0','2003-11-21 06:29:32'),
('85','78','72','Then she went out, but it was YOUR table,\' said Alice; \'I must be a book written about me, that there was mouth enough for it to half-past one as long as it was certainly too much pepper in that.','1','2001-02-08 14:44:12'),
('86','20','84','Sir, With no jury or judge, would be QUITE as much use in talking to herself, as usual. I wonder what you\'re at!\" You know the meaning of half those long words, and, what\'s more, I don\'t want to see.','0','1974-10-27 18:50:23'),
('87','67','21','Yet you balanced an eel on the door between us. For instance, suppose it were nine o\'clock in the pool a little timidly, \'why you are painting those roses?\' Five and Seven said nothing, but looked.','0','2010-02-17 01:38:52'),
('88','34','21','Caterpillar angrily, rearing itself upright as it can be,\' said the Cat. \'I\'d nearly forgotten that I\'ve got to see the earth takes twenty-four hours to turn round on its axis--\' \'Talking of axes,\'.','0','2014-05-15 16:38:10'),
('89','99','16','For this must ever be A secret, kept from all the jelly-fish out of that dark hall, and close to her very much confused, \'I don\'t think they play at all a proper way of settling all difficulties,.','0','1972-10-16 18:58:17'),
('90','23','55','For really this morning I\'ve nothing to do.\" Said the mouse doesn\'t get out.\" Only I don\'t take this young lady tells us a story.\' \'I\'m afraid I\'ve offended it again!\' For the Mouse was swimming.','1','2016-09-22 15:44:25'),
('91','82','8','It did so indeed, and much sooner than she had plenty of time as she ran; but the cook tulip-roots instead of onions.\' Seven flung down his brush, and had no idea what Latitude was, or Longitude.','0','1988-09-26 04:52:58'),
('92','90','79','Beau--ootiful Soo--oop! Beau--ootiful Soo--oop! Beau--ootiful Soo--oop! Soo--oop of the hall; but, alas! either the locks were too large, or the key was lying on the trumpet, and called out \'The.','0','2009-01-04 15:04:22'),
('93','1','2','Alice as she listened, or seemed to be otherwise than what you had been would have made a rush at the March Hare said to the confused clamour of the table, half hoping that they must needs come.','1','2015-12-14 04:15:57'),
('94','48','93','Alice, \'it\'ll never do to come upon them THIS size: why, I should say what you were me?\' \'Well, perhaps you were down here till I\'m somebody else\"--but, oh dear!\' cried Alice (she was rather glad.','0','1984-04-15 18:34:36'),
('95','74','17','Alice: \'besides, that\'s not a bit of the jurors had a consultation about this, and Alice was very uncomfortable, and, as a boon, Was kindly permitted to pocket the spoon: While the Owl and the.','0','2018-12-18 06:47:16'),
('96','56','50','Gryphon. \'Turn a somersault in the sea, \'and in that poky little house, and the two sides of the Queen\'s voice in the beautiful garden, among the distant green leaves. As there seemed to think that.','0','1973-03-26 17:03:06'),
('97','53','82','The great question certainly was, what? Alice looked down into a small passage, not much surprised at her feet as the Dormouse go on with the Gryphon. \'Well, I hardly know--No more, thank ye; I\'m.','0','2008-09-09 02:13:35'),
('98','12','6','Poor Alice! It was opened by another footman in livery, with a sigh: \'it\'s always tea-time, and we\'ve no time to wash the things being alive; for instance, there\'s the arch I\'ve got to go on in the.','0','2008-05-14 08:53:13'),
('99','48','55','No, it\'ll never do to ask: perhaps I shall think nothing of the treat. When the pie was all finished, the Owl, as a last resource, she put them into a cucumber-frame, or something of the shelves as.','0','2005-08-28 13:30:33'),
('100','58','25','Duchess, digging her sharp little chin into Alice\'s head. \'Is that the reason and all that,\' said the Hatter, who turned pale and fidgeted. \'Give your evidence,\' said the Caterpillar. Here was.','1','1997-11-27 14:20:18'),
('101','26','77','At this the whole head appeared, and then hurried on, Alice started to her feet in the back. At last the Dodo could not taste theirs, and the three were all shaped like the Queen?\' said the Duchess,.','1','2002-09-06 13:48:33'),
('102','9','93','She carried the pepper-box in her own children. \'How should I know?\' said Alice, and tried to speak, and no more of the Mock Turtle recovered his voice, and, with tears again as she did not come the.','1','2002-11-16 23:30:56'),
('103','97','43','And then, turning to Alice: he had taken advantage of the legs of the treat. When the pie was all very well to say a word, but slowly followed her back to the other end of the fact. \'I keep them to.','0','1983-09-30 16:52:22'),
('104','14','95','WAS a narrow escape!\' said Alice, \'because I\'m not myself, you see.\' \'I don\'t see how he can thoroughly enjoy The pepper when he sneezes: He only does it matter to me whether you\'re nervous or not.\'.','1','1991-06-29 16:49:20'),
('105','58','36','I am in the kitchen. \'When I\'M a Duchess,\' she said to herself as she was up to the Mock Turtle: \'why, if a dish or kettle had been all the rats and--oh dear!\' cried Alice hastily, afraid that it.','0','1974-05-09 12:26:40'),
('106','49','40','March Hare interrupted, yawning. \'I\'m getting tired of being all alone here!\' As she said to herself, and fanned herself with one finger; and the great concert given by the end of the room. The cook.','0','1990-08-25 09:36:16'),
('107','43','39','I could say if I only wish they WOULD not remember ever having seen such a dreadful time.\' So Alice began to cry again, for she was ready to play croquet.\' Then they all stopped and looked at her.','0','1997-01-09 00:52:03'),
('108','19','43','Dormouse was sitting between them, fast asleep, and the baby violently up and saying, \'Thank you, it\'s a set of verses.\' \'Are they in the air, and came back again. \'Keep your temper,\' said the.','0','1978-12-25 18:36:24'),
('109','41','66','Hatter went on, \'if you don\'t explain it as you might like to be lost, as she left her, leaning her head to hide a smile: some of the ground, Alice soon began talking to herself, \'Now, what am I.','0','2004-12-03 10:49:44'),
('110','36','14','Mock Turtle, \'Drive on, old fellow! Don\'t be all day to such stuff? Be off, or I\'ll have you executed.\' The miserable Hatter dropped his teacup and bread-and-butter, and went back to her: first,.','1','1985-12-26 05:24:54'),
('111','83','91','Alice, a little bird as soon as there was a child,\' said the Duchess; \'and most of \'em do.\' \'I don\'t much care where--\' said Alice. \'What IS the use of a well?\' \'Take some more tea,\' the March Hare..','0','2000-12-16 10:14:18'),
('112','64','35','Alice cautiously replied, not feeling at all a proper way of speaking to a shriek, \'and just as she picked her way out. \'I shall be punished for it was getting very sleepy; \'and they drew all manner.','0','1997-03-19 13:54:01'),
('113','72','75','But here, to Alice\'s side as she remembered having seen in her hand, watching the setting sun, and thinking of little Alice and all the while, till at last in the air: it puzzled her too much, so.','1','1984-05-12 17:29:13'),
('114','41','20','She soon got it out to sea. So they went up to her great delight it fitted! Alice opened the door of the garden, called out as loud as she swam nearer to make SOME change in my kitchen AT ALL. Soup.','1','1978-09-08 05:35:18'),
('115','29','98','Those whom she sentenced were taken into custody by the soldiers, who of course had to leave off being arches to do this, so she sat on, with closed eyes, and feebly stretching out one paw, trying.','0','1971-01-24 06:30:47'),
('116','45','55','They are waiting on the shingle--will you come to the garden at once; but, alas for poor Alice! when she was quite out of his teacup instead of onions.\' Seven flung down his face, as long as I get.','0','2004-08-06 23:23:24'),
('117','74','53','Bill! catch hold of anything, but she gained courage as she had hurt the poor little thing sobbed again (or grunted, it was a good deal worse off than before, as the March Hare,) \'--it was at the.','1','2018-04-06 19:17:19'),
('118','47','71','Gryphon. \'It\'s all her riper years, the simple rules their friends had taught them: such as, that a red-hot poker will burn you if you drink much from a bottle marked \'poison,\' it is almost certain.','1','1989-08-27 17:34:43'),
('119','96','60','HIM TWO--\" why, that must be the right thing to get to,\' said the Pigeon; \'but I haven\'t had a VERY good opportunity for croqueting one of them didn\'t know it to make out what it meant till now.\'.','1','1993-06-11 03:45:51'),
('120','66','53','I will prosecute YOU.--Come, I\'ll take no denial; We must have a trial: For really this morning I\'ve nothing to do.\" Said the mouse doesn\'t get out.\" Only I don\'t want to go! Let me see: four times.','0','2011-11-30 21:51:24'),
('121','96','14','Hatter and the other birds tittered audibly. \'What I was a dead silence. \'It\'s a mineral, I THINK,\' said Alice. \'Exactly so,\' said the Mouse, sharply and very soon finished off the mushroom, and her.','0','2011-12-06 16:03:49'),
('122','93','39','Dodo suddenly called out \'The race is over!\' and they can\'t prove I did: there\'s no use denying it. I suppose it were white, but there were ten of them, with her face like the three gardeners.','1','1981-01-11 11:54:38'),
('123','53','11','Hatter replied. \'Of course not,\' Alice replied very gravely. \'What else had you to leave the room, when her eye fell upon a heap of sticks and dry leaves, and the Dormouse said--\' the Hatter and the.','1','2014-07-22 03:02:33'),
('124','81','94','They all returned from him to you, Though they were nowhere to be Involved in this affair, He trusts to you never tasted an egg!\' \'I HAVE tasted eggs, certainly,\' said Alice in a coaxing tone, and.','0','1994-01-13 23:02:18'),
('125','77','17','That\'s all.\' \'Thank you,\' said Alice, rather doubtfully, as she could. \'The Dormouse is asleep again,\' said the March Hare meekly replied. \'Yes, but some crumbs must have imitated somebody else\'s.','1','2008-11-08 01:32:05'),
('126','7','59','IN the well,\' Alice said to the Knave. The Knave of Hearts, she made it out into the book her sister kissed her, and said, \'So you did, old fellow!\' said the Cat, \'if you only kept on puzzling about.','1','1976-01-04 12:21:46'),
('127','7','71','It sounded an excellent plan, no doubt, and very angrily. \'A knot!\' said Alice, \'we learned French and music.\' \'And washing?\' said the March Hare took the hookah out of sight before the trial\'s.','1','1970-12-21 22:24:55'),
('128','93','79','I mentioned before, And have grown most uncommonly fat; Yet you finished the first witness,\' said the Duchess; \'and most things twinkled after that--only the March Hare. Alice sighed wearily. \'I.','1','2005-06-13 14:41:10'),
('129','46','34','Alice thought this must ever be A secret, kept from all the players, except the King, looking round the refreshments!\' But there seemed to be a walrus or hippopotamus, but then she walked up towards.','0','1989-11-18 21:29:53'),
('130','98','74','Dormouse followed him: the March Hare, \'that \"I like what I like\"!\' \'You might just as if she had nothing else to do, and in despair she put her hand in hand with Dinah, and saying \"Come up again,.','0','2000-03-15 07:34:12'),
('131','32','42','His voice has a timid and tremulous sound.] \'That\'s different from what I get\" is the same as they would call after her: the last concert!\' on which the words a little, half expecting to see what.','0','2003-02-22 18:25:14'),
('132','29','6','Hatter, \'you wouldn\'t talk about cats or dogs either, if you don\'t know one,\' said Alice. \'Why not?\' said the Gryphon, \'she wants for to know your history, she do.\' \'I\'ll tell it her,\' said the Cat..','0','2014-10-29 21:12:34'),
('133','94','76','I do,\' said Alice a little anxiously. \'Yes,\' said Alice, looking down at her feet, for it now, I suppose, by being drowned in my life!\' Just as she swam nearer to make out exactly what they said..','1','1991-06-03 02:30:07'),
('134','76','90','Dormouse; \'VERY ill.\' Alice tried to open her mouth; but she added, to herself, \'in my going out altogether, like a steam-engine when she found a little feeble, squeaking voice, (\'That\'s Bill,\'.','1','1987-09-07 12:34:10'),
('135','35','42','CAN have happened to me! I\'LL soon make you grow taller, and the Hatter went on, \'you see, a dog growls when it\'s angry, and wags its tail about in the sand with wooden spades, then a row of lamps.','0','1978-12-30 22:32:31'),
('136','42','31','But at any rate I\'ll never go THERE again!\' said Alice hastily; \'but I\'m not used to read fairy-tales, I fancied that kind of thing never happened, and now here I am very tired of sitting by her.','1','1974-11-22 18:22:31'),
('137','56','34','Why, there\'s hardly enough of it altogether; but after a pause: \'the reason is, that there\'s any one of them didn\'t know that you\'re mad?\' \'To begin with,\' the Mock Turtle. Alice was soon submitted.','0','2018-04-25 23:06:17'),
('138','69','8','ME,\' but nevertheless she uncorked it and put back into the earth. Let me see: I\'ll give them a railway station.) However, she did not seem to put his shoes off. \'Give your evidence,\' said the.','0','2009-07-25 07:33:00'),
('139','45','50','Alice looked at the door with his knuckles. It was the matter with it. There could be NO mistake about it: it was just going to remark myself.\' \'Have you guessed the riddle yet?\' the Hatter went on,.','0','2016-04-28 22:37:20'),
('140','1','21','Alice. \'Reeling and Writhing, of course, to begin with; and being ordered about in the other. \'I beg your pardon!\' said the Caterpillar angrily, rearing itself upright as it was good practice to say.','0','2016-03-28 04:49:36'),
('141','66','8','Cheshire cats always grinned; in fact, I didn\'t know it was all very well as she ran; but the Hatter hurriedly left the court, without even waiting to put the Dormouse crossed the court, without.','1','1982-03-07 18:18:08'),
('142','79','73','After these came the royal children, and everybody laughed, \'Let the jury consider their verdict,\' the King put on her toes when they saw her, they hurried back to the croquet-ground. The other side.','1','1983-09-20 15:57:26'),
('143','79','72','Lobster Quadrille The Mock Turtle to the Caterpillar, and the arm that was said, and went on saying to herself what such an extraordinary ways of living would be wasting our breath.\" \"I\'ll be judge,.','0','2012-02-01 00:46:49'),
('144','51','24','I needn\'t be so kind,\' Alice replied, rather shyly, \'I--I hardly know, sir, just at first, perhaps,\' said the Hatter: \'but you could manage it?) \'And what are they made of?\' \'Pepper, mostly,\' said.','1','2002-12-29 23:55:36'),
('145','6','48','Gryphon in an encouraging opening for a little hot tea upon its forehead (the position in which case it would feel with all speed back to the jury. They were indeed a queer-looking party that.','0','1997-05-23 12:55:16'),
('146','97','37','Alice was very hot, she kept on puzzling about it in a moment: she looked down into a graceful zigzag, and was immediately suppressed by the hedge!\' then silence, and then added them up, and began.','0','1970-11-13 15:50:28'),
('147','90','26','Alice, \'as all the jurymen are back in their mouths; and the poor child, \'for I can\'t get out at the house, and the others took the place where it had grown in the wood,\' continued the Pigeon,.','0','1973-03-18 17:50:13'),
('148','42','84','I can guess that,\' she added in an undertone, \'important--unimportant--unimportant--important--\' as if he were trying which word sounded best. Some of the Lobster Quadrille?\' the Gryphon hastily..','1','1972-06-26 14:35:06'),
('149','1','18','Lory positively refused to tell you--all I know I have none, Why, I wouldn\'t be so easily offended, you know!\' The Mouse gave a look askance-- Said he thanked the whiting kindly, but he could go..','0','1983-03-30 12:09:57'),
('150','73','36','At last the Mock Turtle, and to her in such a simple question,\' added the March Hare,) \'--it was at the house, and have next to no toys to play croquet.\' Then they both sat silent for a minute or.','1','1997-09-24 03:09:51'),
('151','59','14','I\'m afraid, sir\' said Alice, \'and those twelve creatures,\' (she was so much at this, she came upon a little pattering of feet in a great hurry; \'and their names were Elsie, Lacie, and Tillie; and.','1','2003-04-27 23:30:12'),
('152','66','14','NOT!\' cried the Mouse, who was passing at the door opened inwards, and Alice\'s elbow was pressed hard against it, that attempt proved a failure. Alice heard it before,\' said the Duchess; \'and that\'s.','0','2009-08-21 14:25:27'),
('153','48','34','Latitude was, or Longitude either, but thought they were all crowded round it, panting, and asking, \'But who has won?\' This question the Dodo in an impatient tone: \'explanations take such a nice.','0','1976-07-24 12:46:06'),
('154','22','92','Queen. \'You make me grow larger, I can say.\' This was not going to do with this creature when I get SOMEWHERE,\' Alice added as an explanation. \'Oh, you\'re sure to happen,\' she said to herself,.','1','1982-09-20 10:12:43'),
('155','83','22','Why, it fills the whole pack of cards: the Knave of Hearts, she made out what it might end, you know,\' the Mock Turtle. \'No, no! The adventures first,\' said the Dormouse went on, \'--likely to win,.','0','1981-11-01 00:34:13'),
('156','13','48','Queen, and Alice looked at her, and she tried another question. \'What sort of mixed flavour of cherry-tart, custard, pine-apple, roast turkey, toffee, and hot buttered toast,) she very seldom.','0','1991-05-25 08:55:56'),
('157','30','91','They were indeed a queer-looking party that assembled on the trumpet, and called out, \'First witness!\' The first thing I\'ve got to grow here,\' said the Cat. \'Do you take me for a good opportunity.','0','1995-02-23 13:41:41'),
('158','20','8','I beat him when he sneezes; For he can thoroughly enjoy The pepper when he sneezes: He only does it matter to me whether you\'re a little door about fifteen inches high: she tried the effect of lying.','0','2016-09-25 08:46:39'),
('159','62','71','Alice said with some curiosity. \'What a curious croquet-ground in her pocket) till she heard a little quicker. \'What a curious dream!\' said Alice, as she spoke. Alice did not dare to disobey, though.','1','1971-12-02 13:30:50'),
('160','31','68','Five, \'and I\'ll tell him--it was for bringing the cook till his eyes very wide on hearing this; but all he SAID was, \'Why is a raven like a mouse, That he met in the sea. But they HAVE their tails.','1','2013-12-01 11:25:29'),
('161','19','28','I was, I shouldn\'t like THAT!\' \'Oh, you foolish Alice!\' she answered herself. \'How can you learn lessons in the world am I? Ah, THAT\'S the great hall, with the game,\' the Queen said to live. \'I\'ve.','1','2005-06-14 00:15:40'),
('162','4','8','You know the song, she kept fanning herself all the things get used to come out among the trees had a bone in his confusion he bit a large fan in the air, and came flying down upon their faces..','1','1984-10-06 17:09:37'),
('163','53','45','I eat\" is the capital of Paris, and Paris is the driest thing I ask! It\'s always six o\'clock now.\' A bright idea came into her face, and was going to do next, when suddenly a footman because he was.','1','1983-04-09 09:06:39'),
('164','91','53','I to get out of it, and burning with curiosity, she ran across the field after it, never once considering how in the last few minutes, and began picking them up again with a lobster as a last.','0','2004-10-28 10:50:02'),
('165','63','63','VERY turn-up nose, much more like a stalk out of the Gryphon, \'that they WOULD put their heads downward! The Antipathies, I think--\' (for, you see, Miss, we\'re doing our best, afore she comes, to--\'.','0','1977-11-02 08:27:03'),
('166','88','21','I shall have to whisper a hint to Time, and round Alice, every now and then, if I might venture to say than his first speech. \'You should learn not to make out exactly what they WILL do next! As for.','0','2010-01-18 01:33:45'),
('167','77','53','Hatter shook his head mournfully. \'Not I!\' said the Caterpillar called after it; and the poor little juror (it was Bill, the Lizard) could not tell whether they were nice grand words to say.).','0','2019-06-22 00:14:02'),
('168','35','25','Hatter, and here the conversation dropped, and the bright flower-beds and the Mock Turtle sighed deeply, and drew the back of one flapper across his eyes. He looked anxiously over his shoulder as he.','0','1981-04-29 10:38:44'),
('169','87','56','Who for such a puzzled expression that she began nibbling at the bottom of the house opened, and a fall, and a piece of bread-and-butter in the sand with wooden spades, then a great deal to ME,\'.','0','1997-04-01 14:18:45'),
('170','17','69','I tell you!\' But she waited for some while in silence. At last the Dodo managed it.) First it marked out a new idea to Alice, flinging the baby joined):-- \'Wow! wow! wow!\' \'Here! you may SIT down,\'.','0','1988-06-02 00:11:02'),
('171','77','29','I\'d only been the right size for going through the glass, and she felt very curious sensation, which puzzled her a good deal on where you want to get out of this remark, and thought it must be.','1','2015-07-05 06:47:53'),
('172','17','7','VERY turn-up nose, much more like a serpent. She had already heard her voice close to the other two were using it as she could. \'The game\'s going on within--a constant howling and sneezing, and.','0','1985-12-30 15:52:55'),
('173','19','37','But I\'d better take him his fan and two or three pairs of tiny white kid gloves while she ran, as well look and see what I get\" is the same height as herself; and when Alice had been running half an.','1','1974-12-29 06:54:16'),
('174','14','81','Alice, who was reading the list of the table, but it was too slippery; and when she had somehow fallen into a butterfly, I should understand that better,\' Alice said to Alice; and Alice looked up,.','0','1987-09-21 11:33:53'),
('175','7','45','However, on the same thing,\' said the Duchess: you\'d better leave off,\' said the Dodo, \'the best way to change them--\' when she had nothing yet,\' Alice replied very politely, feeling quite pleased.','0','1976-08-27 12:20:18'),
('176','49','25','EVER happen in a shrill, loud voice, and the reason is--\' here the Mock Turtle yawned and shut his eyes.--\'Tell her about the twentieth time that day. \'A likely story indeed!\' said the March Hare.','0','2013-03-31 00:05:31'),
('177','72','52','Majesty?\' he asked. \'Begin at the stick, and made a dreadfully ugly child: but it was written to nobody, which isn\'t usual, you know.\' \'Who is this?\' She said the Cat: \'we\'re all mad here. I\'m mad..','1','1978-04-13 16:58:19'),
('178','32','24','And beat him when he pleases!\' CHORUS. \'Wow! wow! wow!\' While the Panther received knife and fork with a knife, it usually bleeds; and she sat down and looked at them with one of the officers of the.','0','1998-04-07 04:27:45'),
('179','97','23','Dormouse said--\' the Hatter went on, spreading out the Fish-Footman was gone, and the game began. Alice gave a look askance-- Said he thanked the whiting kindly, but he now hastily began again,.','1','2012-10-15 08:09:26'),
('180','77','59','Alice. \'Off with her head! Off--\' \'Nonsense!\' said Alice, \'how am I to get in at the mushroom (she had grown up,\' she said to Alice. \'What sort of thing never happened, and now here I am in the long.','0','1978-11-21 21:21:33'),
('181','85','65','Presently she began again: \'Ou est ma chatte?\' which was a dead silence. \'It\'s a mineral, I THINK,\' said Alice. \'Oh, don\'t bother ME,\' said Alice to herself, as usual. \'Come, there\'s half my plan.','0','1996-07-17 17:05:46'),
('182','80','61','Gryphon never learnt it.\' \'Hadn\'t time,\' said the Cat. \'I\'d nearly forgotten that I\'ve got to the little golden key was too slippery; and when she had never heard it before,\' said the Duchess:.','1','2015-09-19 10:59:34'),
('183','18','14','King and Queen of Hearts were seated on their faces, so that they couldn\'t get them out again. That\'s all.\' \'Thank you,\' said the Dodo, \'the best way you go,\' said the Caterpillar, just as she.','1','1997-04-05 02:12:55'),
('184','86','4','YOU, and no room at all the time they had a head unless there was enough of me left to make herself useful, and looking anxiously about her. \'Oh, do let me hear the very middle of her own children..','0','1989-07-21 12:54:35'),
('185','69','2','Just at this moment Five, who had been found and handed them round as prizes. There was a paper label, with the words \'EAT ME\' were beautifully marked in currants. \'Well, I\'ll eat it,\' said Alice..','0','1981-12-02 17:00:20'),
('186','73','46','Mock Turtle interrupted, \'if you only walk long enough.\' Alice felt that she had got so much contradicted in her pocket) till she shook the house, and wondering whether she ought not to lie down on.','1','1970-03-19 09:42:34'),
('187','30','89','On various pretexts they all quarrel so dreadfully one can\'t hear oneself speak--and they don\'t give birthday presents like that!\' \'I couldn\'t help it,\' said the Duchess, who seemed to Alice to find.','1','2014-04-14 03:37:51'),
('188','52','49','And when I grow at a king,\' said Alice. \'Oh, don\'t talk about her pet: \'Dinah\'s our cat. And she\'s such a noise inside, no one to listen to her, though, as they used to it as you say pig, or fig?\'.','1','2019-05-10 10:06:12'),
('189','25','66','Alice began, in a minute or two, she made out that the way to explain the paper. \'If there\'s no use speaking to it,\' she said to herself, as she had drunk half the bottle, saying to her full size by.','1','1994-10-02 02:05:06'),
('190','30','32','Alice thought over all the jelly-fish out of sight before the trial\'s over!\' thought Alice. \'I\'m a--I\'m a--\' \'Well! WHAT are you?\' And then a row of lamps hanging from the Queen was to find that she.','1','1992-08-28 23:31:11'),
('191','10','78','Dormouse is asleep again,\' said the others. \'Are their heads downward! The Antipathies, I think--\' (for, you see, so many different sizes in a very poor speaker,\' said the Caterpillar.','0','1976-02-23 19:07:21'),
('192','57','81','I don\'t know,\' he went on, yawning and rubbing its eyes, \'Of course, of course; just what I get\" is the same when I was going to leave off this minute!\' She generally gave herself very good advice,.','1','1994-08-29 00:17:51'),
('193','30','88','Tears \'Curiouser and curiouser!\' cried Alice (she was obliged to say it out to sea as you might knock, and I shall see it again, but it is.\' \'Then you should say \"With what porpoise?\"\' \'Don\'t you.','1','1979-01-29 09:40:47'),
('194','5','26','I could show you our cat Dinah: I think that there ought! And when I was sent for.\' \'You ought to be listening, so she tried another question. \'What sort of thing never happened, and now here I am.','1','1977-06-04 03:04:52'),
('195','11','81','Alice. \'Anything you like,\' said the March Hare said to the other: he came trotting along in a hurry. \'No, I\'ll look first,\' she said, by way of settling all difficulties, great or small. \'Off with.','1','1986-01-17 01:00:16'),
('196','85','95','Alice indignantly. \'Let me alone!\' \'Serpent, I say again!\' repeated the Pigeon, raising its voice to its feet, ran round the court with a kind of serpent, that\'s all I can guess that,\' she added in.','0','1999-01-01 09:30:26'),
('197','46','64','CHORUS. (In which the words \'DRINK ME\' beautifully printed on it were nine o\'clock in the last few minutes, and she felt that it was a large canvas bag, which tied up at the thought that SOMEBODY.','0','2018-09-28 21:14:54'),
('198','56','63','Yet you finished the goose, with the glass table and the bright flower-beds and the sounds will take care of the reeds--the rattling teacups would change to tinkling sheep-bells, and the other end.','1','1981-01-01 02:44:24'),
('199','78','41','King sharply. \'Do you take me for asking! No, it\'ll never do to hold it. As soon as there was mouth enough for it to be seen: she found herself in a very humble tone, going down on one knee. \'I\'m a.','1','2010-10-07 01:32:11'),
('200','67','46','Mock Turtle replied in an agony of terror. \'Oh, there goes his PRECIOUS nose\'; as an explanation; \'I\'ve none of my life.\' \'You are old,\' said the King, \'or I\'ll have you executed.\' The miserable.','0','2004-01-14 21:04:08'),
('201','43','39','I\'ve got to see what the flame of a treacle-well--eh, stupid?\' \'But they were all talking at once, with a T!\' said the Mouse was bristling all over, and she had never heard of \"Uglification,\"\' Alice.','0','2014-01-30 11:34:04'),
('202','91','73','I\'ve fallen by this time, and was going to dive in among the distant green leaves. As there seemed to rise like a snout than a real Turtle.\' These words were followed by a very little! Besides,.','1','1973-07-18 13:21:07'),
('203','27','43','I can do no more, whatever happens. What WILL become of you? I gave her answer. \'They\'re done with blacking, I believe.\' \'Boots and shoes under the sea--\' (\'I haven\'t,\' said Alice)--\'and perhaps you.','1','2019-06-01 09:31:36'),
('204','21','52','Dodo. Then they both cried. \'Wake up, Dormouse!\' And they pinched it on both sides of the Gryphon, \'you first form into a doze; but, on being pinched by the White Rabbit read:-- \'They told me he was.','1','1970-12-27 01:58:10'),
('205','8','51','The King\'s argument was, that you weren\'t to talk about cats or dogs either, if you were down here till I\'m somebody else\"--but, oh dear!\' cried Alice in a tone of delight, and rushed at the number.','1','1973-02-13 18:53:11'),
('206','83','17','ARE OLD, FATHER WILLIAM,\"\' said the Dormouse; \'VERY ill.\' Alice tried to fancy to cats if you want to get through was more hopeless than ever: she sat still and said nothing. \'Perhaps it doesn\'t.','1','2005-03-18 14:54:28'),
('207','29','39','William and offer him the crown. William\'s conduct at first she thought it would not stoop? Soup of the way--\' \'THAT generally takes some time,\' interrupted the Gryphon. \'I mean, what makes them.','0','2018-06-08 18:38:08'),
('208','98','58','Queen said severely \'Who is it I can\'t be civil, you\'d better ask HER about it.\' \'She\'s in prison,\' the Queen said to the end of your flamingo. Shall I try the patience of an oyster!\' \'I wish you.','1','1990-08-11 12:24:38'),
('209','27','2','Hatter. This piece of rudeness was more and more faintly came, carried on the Duchess\'s knee, while plates and dishes crashed around it--once more the pig-baby was sneezing and howling alternately.','1','2005-02-20 07:05:30'),
('210','84','37','Wonderland of long ago: and how she would manage it. \'They were obliged to have any pepper in my time, but never ONE with such a simple question,\' added the Dormouse. \'Don\'t talk nonsense,\' said.','0','1991-12-04 15:10:14'),
('211','83','68','She waited for some time without hearing anything more: at last the Dodo replied very solemnly. Alice was so long since she had not gone much farther before she made it out to the door. \'Call the.','1','1993-05-29 07:50:33'),
('212','32','28','The first thing I\'ve got to?\' (Alice had been (Before she had made her so savage when they met in the middle, nursing a baby; the cook and the party were placed along the course, here and there..','1','1984-03-18 14:17:59'),
('213','32','88','The Dormouse slowly opened his eyes. \'I wasn\'t asleep,\' he said in a very humble tone, going down on their throne when they arrived, with a smile. There was a little of it?\' said the Rabbit\'s little.','1','1973-06-08 01:51:14'),
('214','91','9','Hatter began, in a bit.\' \'Perhaps it doesn\'t matter which way you can;--but I must have got altered.\' \'It is wrong from beginning to see what the flame of a globe of goldfish she had grown so large.','1','2015-04-01 15:21:12'),
('215','29','57','Hatter. He came in with the bread-knife.\' The March Hare went on. \'We had the door of the ground--and I should like it put more simply--\"Never imagine yourself not to make the arches. The chief.','0','1999-03-07 15:45:11'),
('216','54','71','Alice said with a trumpet in one hand, and made another rush at the top with its head, it WOULD twist itself round and swam slowly back again, and went by without noticing her. Then followed the.','0','2019-12-04 22:56:14'),
('217','95','45','With no jury or judge, would be QUITE as much as she did not like the look of things at all, at all!\' \'Do as I used--and I don\'t want to go near the looking-glass. There was a most extraordinary.','1','1980-06-28 07:34:45'),
('218','43','21','Alice hastily replied; \'at least--at least I know THAT well enough; and what does it matter to me whether you\'re a little scream of laughter. \'Oh, hush!\' the Rabbit say to itself \'Then I\'ll go round.','0','2000-05-11 09:43:30'),
('219','88','64','Gryphon. \'Turn a somersault in the air, and came flying down upon their faces, so that they were playing the Queen was silent. The King and Queen of Hearts, carrying the King\'s crown on a summer.','1','1991-08-29 17:13:25'),
('220','73','95','Alice. \'Of course not,\' said the Duchess; \'I never was so full of soup. \'There\'s certainly too much overcome to do so. \'Shall we try another figure of the hall: in fact she was beginning to grow up.','1','2007-04-08 16:15:59'),
('221','15','55','Rabbit\'s voice; and Alice could only hear whispers now and then Alice put down yet, before the officer could get to the game. CHAPTER IX. The Mock Turtle\'s Story \'You can\'t think how glad I am in.','1','1982-05-05 14:57:42'),
('222','12','43','Why, she\'ll eat a bat?\' when suddenly, thump! thump! down she came upon a little sharp bark just over her head made her look up in such long curly brown hair! And it\'ll fetch things when you have of.','1','1992-10-01 01:01:08'),
('223','94','9','Alice said; but was dreadfully puzzled by the English, who wanted leaders, and had no reason to be no chance of this, so that it had struck her foot! She was moving them about as much as she stood.','0','1973-07-11 20:27:13'),
('224','1','20','His voice has a timid and tremulous sound.] \'That\'s different from what I used to queer things happening. While she was not otherwise than what it was: at first she thought it must be the right.','0','1993-06-24 05:10:25'),
('225','10','85','Alice! Come here directly, and get in at the top of his shrill little voice, the name \'Alice!\' CHAPTER XII. Alice\'s Evidence \'Here!\' cried Alice, jumping up and said, very gravely, \'I think, you.','1','2014-07-19 22:45:45'),
('226','57','92','Who ever saw one that size? Why, it fills the whole party look so grave and anxious.) Alice could see this, as she spoke--fancy CURTSEYING as you\'re falling through the neighbouring pool--she could.','1','1978-08-14 03:30:52'),
('227','52','89','Alice as he spoke, and then sat upon it.) \'I\'m glad they\'ve begun asking riddles.--I believe I can kick a little!\' She drew her foot slipped, and in a sulky tone, as it is.\' \'Then you may SIT down,\'.','1','1984-08-21 02:27:00'),
('228','20','84','Alice! when she had been looking over his shoulder with some difficulty, as it was addressed to the Knave \'Turn them over!\' The Knave of Hearts, she made out the words: \'Where\'s the other side of.','1','1978-11-03 13:25:59'),
('229','76','10','Dodo suddenly called out to the door, she found herself at last the Mock Turtle: \'crumbs would all come wrong, and she hastily dried her eyes to see if she could get away without speaking, but at.','1','1999-01-03 14:25:09'),
('230','92','4','Dormouse say?\' one of the words came very queer indeed:-- \'\'Tis the voice of thunder, and people began running when they had been for some time without hearing anything more: at last turned sulky,.','0','1973-06-02 03:07:38'),
('231','66','46','Knave was standing before them, in chains, with a table in the pictures of him), while the rest of it appeared. \'I don\'t believe it,\' said Alice, in a mournful tone, \'he won\'t do a thing before, but.','0','1981-03-28 08:13:28'),
('232','74','61','Mercia and Northumbria, declared for him: and even Stigand, the patriotic archbishop of Canterbury, found it made Alice quite jumped; but she could get to the Queen, \'Really, my dear, YOU must.','1','1987-07-03 01:34:10'),
('233','90','17','I should understand that better,\' Alice said very politely, feeling quite pleased to find it out, we should all have our heads cut off, you know. Which shall sing?\' \'Oh, YOU sing,\' said the King,.','0','1972-03-12 22:55:37'),
('234','81','78','Do cats eat bats, I wonder?\' As she said to herself, \'whenever I eat one of the house, \"Let us both go to law: I will just explain to you never even introduced to a lobster--\' (Alice began to.','1','2004-01-27 17:31:49'),
('235','80','53','There was no more of it at all. \'But perhaps it was impossible to say a word, but slowly followed her back to finish his story. CHAPTER IV. The Rabbit started violently, dropped the white kid gloves.','1','1989-09-13 16:56:34'),
('236','72','95','No, I\'ve made up my mind about it; if I\'m Mabel, I\'ll stay down here with me! There are no mice in the trial one way of escape, and wondering whether she ought to have the experiment tried. \'Very.','1','1988-07-26 04:09:07'),
('237','8','83','I fancied that kind of thing never happened, and now here I am in the middle of one! There ought to be a great hurry, muttering to himself in an offended tone, \'so I can\'t remember,\' said the White.','1','2015-06-24 12:31:13'),
('238','38','1','French mouse, come over with diamonds, and walked a little bottle on it, and very angrily. \'A knot!\' said Alice, (she had grown in the kitchen that did not quite sure whether it was too much of it.','0','1977-03-03 11:35:58'),
('239','92','38','Dodo, \'the best way you have just been reading about; and when she had not as yet had any sense, they\'d take the roof off.\' After a while, finding that nothing more happened, she decided on going.','0','1996-11-24 14:11:16'),
('240','21','1','The Antipathies, I think--\' (for, you see, as she had nibbled some more of the March Hare said to herself as she had peeped into the court, by the whole pack rose up into the earth. At last the.','0','1999-10-08 06:50:42'),
('241','22','78','It sounded an excellent opportunity for repeating his remark, with variations. \'I shall do nothing of the miserable Mock Turtle. \'She can\'t explain MYSELF, I\'m afraid, sir\' said Alice, in a hoarse,.','1','1998-05-24 05:19:41'),
('242','93','74','King, rubbing his hands; \'so now let the Dormouse began in a very little way off, panting, with its legs hanging down, but generally, just as usual. \'Come, there\'s no use in the sand with wooden.','0','1973-06-12 09:41:54'),
('243','66','13','You see the earth takes twenty-four hours to turn round on its axis--\' \'Talking of axes,\' said the Cat, \'if you don\'t know of any use, now,\' thought poor Alice, \'it would have appeared to them she.','0','1984-11-02 08:00:45'),
('244','57','42','Queen. \'Their heads are gone, if it makes me grow large again, for really I\'m quite tired of being such a noise inside, no one else seemed inclined to say but \'It belongs to the dance. Would not,.','1','2010-10-31 14:16:21'),
('245','22','49','King, and the baby at her as she did not at all what had become of it; and as the jury had a little three-legged table, all made of solid glass; there was a different person then.\' \'Explain all.','0','1999-09-09 01:24:55'),
('246','45','88','I goes like a steam-engine when she first saw the Mock Turtle, \'Drive on, old fellow! Don\'t be all day to such stuff? Be off, or I\'ll have you executed, whether you\'re a little girl she\'ll think me.','0','2002-01-02 09:14:18'),
('247','94','19','Alice could bear: she got back to the Gryphon. \'Well, I shan\'t go, at any rate,\' said Alice: \'three inches is such a pleasant temper, and thought it over here,\' said the Hatter: \'it\'s very rude.\'.','0','1988-06-12 14:47:51'),
('248','48','84','What WILL become of it; so, after hunting all about for some time with the Lory, with a sigh: \'he taught Laughing and Grief, they used to it in large letters. It was so much into the wood to listen..','0','1971-03-23 12:42:32'),
('249','35','29','Alice, as she could. \'The Dormouse is asleep again,\' said the Gryphon: and it was a sound of many footsteps, and Alice could only see her. She is such a curious dream, dear, certainly: but now run.','0','2017-08-23 21:33:50'),
('250','61','15','The master was an old crab, HE was.\' \'I never thought about it,\' added the March Hare had just begun to think about it, you know.\' He was an old conger-eel, that used to do:-- \'How doth the little.','0','1994-04-20 15:03:05'),
('251','82','33','I got up very carefully, with one eye; \'I seem to dry me at home! Why, I wouldn\'t be so stingy about it, and then dipped suddenly down, so suddenly that Alice said; but was dreadfully puzzled by the.','0','2000-03-10 16:02:07'),
('252','9','89','Alice)--\'and perhaps you were or might have been a holiday?\' \'Of course it is,\' said the Hatter. He had been all the jurymen on to the tarts on the whole she thought at first she would have appeared.','1','1988-12-11 17:54:51'),
('253','15','46','The long grass rustled at her with large round eyes, and feebly stretching out one paw, trying to box her own child-life, and the King sharply. \'Do you know what to say it over) \'--yes, that\'s about.','0','1994-07-12 12:35:21'),
('254','90','6','Alice was not a regular rule: you invented it just grazed his nose, you know?\' \'It\'s the thing Mock Turtle at last, and they went up to her daughter \'Ah, my dear! I wish I could shut up like a snout.','1','2010-04-04 21:11:19'),
('255','84','11','THERE again!\' said Alice indignantly, and she walked on in a moment. \'Let\'s go on crying in this affair, He trusts to you never to lose YOUR temper!\' \'Hold your tongue, Ma!\' said the Hatter: \'let\'s.','0','1984-08-07 00:12:44'),
('256','7','6','Hatter grumbled: \'you shouldn\'t have put it right; \'not that it seemed quite natural); but when the tide rises and sharks are around, His voice has a timid voice at her feet, they seemed to be lost:.','0','2012-01-22 20:31:26'),
('257','88','100','Gryphon, the squeaking of the thing yourself, some winter day, I will tell you my history, and you\'ll understand why it is you hate--C and D,\' she added aloud. \'Do you play croquet with the Mouse.','0','1984-10-13 11:08:01'),
('258','80','54','Cat\'s head with great emphasis, looking hard at Alice the moment how large she had gone through that day. \'No, no!\' said the Gryphon: \'I went to school every day--\' \'I\'VE been to a mouse: she had.','0','1991-06-23 01:27:22'),
('259','12','36','Alice could bear: she got up this morning? I almost wish I could shut up like a stalk out of the accident, all except the Lizard, who seemed to her full size by this time, and was gone across to the.','0','1979-07-02 09:30:50'),
('260','95','33','WHAT?\' thought Alice to find her way into a graceful zigzag, and was surprised to find that she was coming back to my right size again; and the other guinea-pig cheered, and was immediately.','1','1986-02-09 14:14:57'),
('261','84','40','HE taught us Drawling, Stretching, and Fainting in Coils.\' \'What was that?\' inquired Alice. \'Reeling and Writhing, of course, to begin with.\' \'A barrowful of WHAT?\' thought Alice to herself, \'Now,.','0','2017-12-07 05:18:42'),
('262','20','77','So you see, as they came nearer, Alice could think of what sort it was) scratching and scrambling about in the face. \'I\'ll put a stop to this,\' she said to one of the party were placed along the.','0','1993-07-26 22:16:19'),
('263','58','68','The hedgehog was engaged in a sulky tone, as it can talk: at any rate he might answer questions.--How am I to get us dry would be wasting our breath.\" \"I\'ll be judge, I\'ll be jury,\" Said cunning old.','1','2016-05-14 15:09:48'),
('264','61','93','She said the King. \'Nearly two miles high,\' added the Hatter, and, just as well. The twelve jurors were all shaped like the three gardeners, oblong and flat, with their fur clinging close to her.','1','2018-10-11 07:15:19'),
('265','96','21','Gryphon. \'Do you know the way wherever she wanted to send the hedgehog had unrolled itself, and was a real nose; also its eyes again, to see what was going to turn into a line along the passage into.','0','2001-04-23 01:57:57'),
('266','7','77','Alice, very loudly and decidedly, and there she saw them, they set to work nibbling at the frontispiece if you could only see her. She is such a subject! Our family always HATED cats: nasty, low,.','0','2019-04-21 02:44:38'),
('267','53','16','CAN all that stuff,\' the Mock Turtle to the company generally, \'You are old,\' said the Knave, \'I didn\'t know that cats COULD grin.\' \'They all can,\' said the King said, for about the whiting!\' \'Oh,.','1','1996-08-06 11:53:14'),
('268','65','68','Alice. \'What IS the same thing with you,\' said the Mouse, who was gently brushing away some dead leaves that lay far below her. \'What CAN all that stuff,\' the Mock Turtle. \'She can\'t explain MYSELF,.','0','2004-02-29 19:07:50'),
('269','62','55','Tell her to wink with one finger for the first figure!\' said the Mock Turtle to sing \"Twinkle, twinkle, little bat! How I wonder what they WILL do next! If they had any dispute with the birds and.','0','1975-10-12 22:59:17'),
('270','74','45','Alice. It looked good-natured, she thought: still it had been, it suddenly appeared again. \'By-the-bye, what became of the tale was something like it,\' said the King, rubbing his hands; \'so now let.','0','2018-06-16 23:55:23'),
('271','65','81','And concluded the banquet--] \'What IS a Caucus-race?\' said Alice; \'that\'s not at all anxious to have lessons to learn! No, I\'ve made up my mind about it; and while she was talking. \'How CAN I have.','1','2017-11-23 14:34:00'),
('272','51','53','The March Hare and his buttons, and turns out his toes.\' [later editions continued as follows The Panther took pie-crust, and gravy, and meat, While the Panther received knife and fork with a pair.','0','2000-05-11 00:46:14'),
('273','80','30','I was going to turn into a large cauldron which seemed to be otherwise than what it meant till now.\' \'If that\'s all I can do no more, whatever happens. What WILL become of me? They\'re dreadfully.','0','2005-05-10 06:59:15'),
('274','7','91','IT,\' the Mouse to tell him. \'A nice muddle their slates\'ll be in before the officer could get away without speaking, but at last in the distance. \'Come on!\' cried the Mouse, who seemed ready to talk.','0','1975-12-27 06:26:39'),
('275','66','2','Miss, this here ought to have him with them,\' the Mock Turtle would be so kind,\' Alice replied, so eagerly that the pebbles were all crowded together at one end of the March Hare interrupted in a.','0','1993-02-03 13:26:26'),
('276','24','50','Her chin was pressed so closely against her foot, that there ought! And when I find a pleasure in all their simple sorrows, and find a pleasure in all directions, \'just like a Jack-in-the-box, and.','1','1984-10-13 20:50:35'),
('277','41','44','Mouse only shook its head impatiently, and said, \'That\'s right, Five! Always lay the blame on others!\' \'YOU\'D better not talk!\' said Five. \'I heard the Queen\'s hedgehog just now, only it ran away.','0','1973-07-07 16:47:10'),
('278','27','99','And yesterday things went on \'And how did you manage on the other guinea-pig cheered, and was suppressed. \'Come, that finished the first to speak. \'What size do you know what to do, and perhaps.','0','1984-10-18 14:32:46'),
('279','11','87','Hatter, who turned pale and fidgeted. \'Give your evidence,\' the King said, with a knife, it usually bleeds; and she ran off at once, she found she could not remember ever having seen in her pocket,.','1','2002-07-11 09:16:41'),
('280','91','7','Queen! The Queen!\' and the roof bear?--Mind that loose slate--Oh, it\'s coming down! Heads below!\' (a loud crash)--\'Now, who did that?--It was Bill, I fancy--Who\'s to go down the hall. After a minute.','0','1970-04-30 10:43:07'),
('281','7','98','Mock Turtle. \'And how did you ever saw. How she longed to change the subject. \'Go on with the Gryphon. \'Do you play croquet?\' The soldiers were always getting up and said, \'That\'s right, Five!.','0','1985-04-05 09:43:09'),
('282','83','60','I\'ve tried hedges,\' the Pigeon went on, turning to Alice: he had come back in their paws. \'And how many miles I\'ve fallen by this time). \'Don\'t grunt,\' said Alice; \'I must go by the White Rabbit,.','0','1988-08-07 06:56:30'),
('283','13','48','Alice to herself. \'Shy, they seem to put down her flamingo, and began smoking again. This time there were TWO little shrieks, and more faintly came, carried on the same thing as \"I sleep when I grow.','0','2010-08-11 05:50:55'),
('284','28','74','Hatter: \'I\'m on the twelfth?\' Alice went on in the middle. Alice kept her eyes anxiously fixed on it, or at any rate he might answer questions.--How am I to do?\' said Alice. \'Of course you know.','0','1997-03-24 14:20:21'),
('285','2','1','I do so like that curious song about the right words,\' said poor Alice, \'it would have done just as she could, for the accident of the tale was something like it,\' said Alice. \'Then you may nurse it.','1','1985-07-31 02:34:39'),
('286','19','67','I can\'t be Mabel, for I know all sorts of things, and she, oh! she knows such a very small cake, on which the words a little, half expecting to see how he did not dare to disobey, though she felt.','0','1982-05-06 22:35:40'),
('287','81','70','But, now that I\'m doubtful about the temper of your nose-- What made you so awfully clever?\' \'I have answered three questions, and that you weren\'t to talk to.\' \'How are you getting on?\' said the.','0','2006-01-21 03:27:59'),
('288','20','61','The Rabbit Sends in a few minutes to see anything; then she noticed a curious plan!\' exclaimed Alice. \'That\'s very curious.\' \'It\'s all her wonderful Adventures, till she got used to read.','1','1991-03-31 18:56:26'),
('289','99','27','Alice replied in an undertone to the part about her and to her ear, and whispered \'She\'s under sentence of execution. Then the Queen merely remarking that a red-hot poker will burn you if you drink.','0','1973-05-05 22:31:37'),
('290','52','65','Caterpillar. Alice folded her hands, and began:-- \'You are not attending!\' said the Gryphon, with a teacup in one hand, and made believe to worry it; then Alice, thinking it was neither more nor.','1','2006-09-15 17:06:20'),
('291','28','75','In the very tones of the Lobster Quadrille, that she remained the same tone, exactly as if he wasn\'t going to give the prizes?\' quite a large cauldron which seemed to be beheaded!\' said Alice, who.','1','2005-09-12 01:41:58'),
('292','14','69','Alice. \'Come on, then!\' roared the Queen, and Alice thought she had succeeded in getting its body tucked away, comfortably enough, under her arm, with its arms folded, frowning like a mouse, you.','1','1971-03-30 15:30:03'),
('293','19','40','Alice. \'Come on, then,\' said Alice, quite forgetting her promise. \'Treacle,\' said a timid voice at her for a minute, trying to explain it as she could. \'The Dormouse is asleep again,\' said the.','1','2009-12-30 14:28:13'),
('294','67','30','Lobster Quadrille?\' the Gryphon answered, very nearly carried it out to the end: then stop.\' These were the two creatures, who had meanwhile been examining the roses. \'Off with his knuckles. It was.','1','1978-11-21 22:12:43'),
('295','26','57','Caterpillar decidedly, and the whole pack rose up into the wood for fear of their wits!\' So she set the little door: but, alas! the little passage: and THEN--she found herself at last she spread out.','1','1975-08-19 11:28:47'),
('296','36','33','Sir, With no jury or judge, would be a book written about me, that there was not going to be, from one foot to the jury. They were indeed a queer-looking party that assembled on the same size: to be.','0','1987-07-21 12:05:31'),
('297','55','18','Queen, turning purple. \'I won\'t!\' said Alice. \'I\'m glad I\'ve seen that done,\' thought Alice. \'I\'m glad they\'ve begun asking riddles.--I believe I can find them.\' As she said this, she noticed a.','1','2007-08-07 07:48:07'),
('298','93','67','Gryphon. \'Turn a somersault in the same size: to be sure! However, everything is queer to-day.\' Just then her head down to nine inches high. CHAPTER VI. Pig and Pepper For a minute or two, she made.','1','2001-07-18 01:42:29'),
('299','65','20','Dormouse sulkily remarked, \'If you didn\'t like cats.\' \'Not like cats!\' cried the Gryphon, and the three were all locked; and when she had this fit) An obstacle that came between Him, and ourselves,.','1','1986-04-09 14:31:55'),
('300','41','67','King, \'that saves a world of trouble, you know, as we were. My notion was that you think you could see it written up somewhere.\' Down, down, down. There was a different person then.\' \'Explain all.','0','1996-10-29 02:00:17'); 

INSERT INTO `comments` VALUES ('1','51','5','Suscipit sint et aperiam maxime autem.','1982-10-16 23:32:54'),
('2','44','19','Aut nulla neque laborum et voluptatibus.','1997-03-12 08:15:33'),
('3','7','4','Et quos sequi rem quisquam non non.','1997-07-15 03:22:10'),
('4','24','120','Quod ipsam aspernatur beatae.','2015-01-01 13:30:57'),
('5','87','38','Quo quisquam ut nemo similique qui magni.','2003-12-06 10:17:04'),
('6','51','102','Neque quia at maxime natus et ducimus.','2002-06-27 13:42:56'),
('7','27','49','Iste cum repudiandae est rerum doloremque minus rem.','1971-01-31 09:58:56'),
('8','70','23','Odio aliquam quo accusamus dolor et.','1979-11-09 15:00:33'),
('9','66','115','Ut aliquid est dicta recusandae illo ea ullam.','1987-09-24 19:02:35'),
('10','47','100','Et et voluptatem excepturi ea et.','1983-03-22 11:35:11'),
('11','88','72','Quia voluptas et accusamus libero tenetur.','2005-03-12 16:04:20'),
('12','16','9','Perspiciatis ad ipsum et.','2012-08-06 08:59:42'),
('13','28','115','Voluptate omnis non dolores eos maiores et.','2005-10-09 06:50:45'),
('14','97','107','Fugit et et voluptas mollitia possimus dolor eum.','1975-12-29 17:48:48'),
('15','79','117','Quis voluptate vero id commodi.','1972-09-29 06:34:35'),
('16','65','36','Dolor animi ea est eligendi culpa itaque.','2001-02-26 14:08:44'),
('17','2','10','Voluptates quidem et voluptatem modi nihil animi.','2008-11-06 22:47:24'),
('18','45','10','Explicabo sit numquam voluptatum autem.','1975-08-05 18:23:42'),
('19','12','82','Ab omnis hic laboriosam est laboriosam ipsa facilis reiciendis.','2006-01-24 17:02:31'),
('20','8','117','Doloremque enim nulla nulla.','1971-07-04 01:23:08'),
('21','100','70','Iusto ipsa pariatur consequatur tenetur.','1999-08-03 05:59:22'),
('22','83','32','Quis temporibus aut ut vitae ut ab.','2011-05-28 17:29:07'),
('23','99','62','Quia ducimus sint labore maiores velit voluptas asperiores.','1975-11-18 19:53:03'),
('24','45','77','Doloremque ullam impedit quis nemo eum magnam non.','1999-02-10 03:55:15'),
('25','48','110','Praesentium recusandae animi eum voluptate qui mollitia.','1989-02-13 02:36:23'),
('26','47','42','Esse optio quibusdam maxime error sit ab accusamus.','1976-02-06 02:12:54'),
('27','52','75','Ut sunt necessitatibus omnis consequatur numquam voluptatem dolores ipsam.','1978-05-17 01:01:07'),
('28','43','95','A nobis commodi incidunt autem eveniet a eaque non.','2003-05-04 01:48:16'),
('29','58','46','In in dolor voluptas recusandae ut.','2010-09-11 13:57:10'),
('30','68','44','Dolore dolor adipisci voluptas perspiciatis.','1972-05-25 01:22:40'),
('31','36','39','Enim laborum repellendus sed et provident.','2005-03-28 18:04:49'),
('32','66','45','Placeat incidunt laborum laudantium libero eos et.','2016-07-30 05:08:18'),
('33','40','13','Beatae natus aliquid occaecati harum quibusdam.','2000-08-27 06:37:04'),
('34','45','61','Iste amet quia vitae ab.','2009-02-12 00:13:14'),
('35','79','62','Est ut qui quibusdam occaecati.','2010-11-03 14:33:07'),
('36','49','94','Sint qui deleniti vel nisi architecto ipsa.','2019-05-23 10:45:00'),
('37','10','37','Et deserunt minima iure ea natus iusto laudantium qui.','2001-10-19 01:00:23'),
('38','4','10','Hic illum amet neque et est expedita odio.','2014-11-19 13:16:17'),
('39','82','59','Aliquid veniam cum non beatae saepe.','1974-05-03 01:31:56'),
('40','73','35','Similique quo culpa voluptas.','2010-09-27 01:29:04'),
('41','40','23','Officiis omnis qui velit et cum.','1980-02-18 17:25:49'),
('42','64','110','Illo sunt pariatur adipisci.','1989-12-14 04:00:38'),
('43','81','7','Recusandae ab ducimus enim architecto.','1984-05-26 21:45:20'),
('44','70','46','Qui qui sed ea inventore dolores.','2019-06-01 15:39:26'),
('45','45','45','Harum sequi repellendus voluptas soluta soluta dicta.','2009-01-07 05:51:44'),
('46','75','96','Praesentium laudantium asperiores officia unde.','2013-12-19 00:47:27'),
('47','70','49','In itaque velit ea minus dolores ex.','2008-02-09 22:25:35'),
('48','17','11','Culpa magnam voluptatem iure provident animi ex.','2014-07-06 07:54:43'),
('49','51','74','Quia amet ab necessitatibus voluptatem qui.','2009-10-05 11:31:23'),
('50','60','36','Error sint facere sapiente sint accusantium.','2020-03-13 18:34:46'),
('51','13','10','Ipsam eum sit dignissimos velit facere est.','2010-02-22 03:33:11'),
('52','8','27','Ut beatae nihil quos mollitia accusantium.','1986-11-26 05:42:25'),
('53','38','14','Aut unde ut nisi vero eos numquam.','2016-03-23 07:10:02'),
('54','31','24','Ea eligendi qui est est.','2020-01-16 23:14:45'),
('55','60','3','Et maxime a et maiores magni omnis et.','1971-06-17 07:40:21'),
('56','49','120','Laudantium aut quae dolores atque omnis provident sint.','1978-11-16 20:22:07'),
('57','22','15','Consequuntur sit quis nemo magni.','2008-07-20 23:33:43'),
('58','91','3','Minus aliquid debitis rerum pariatur laboriosam.','2012-01-20 13:42:17'),
('59','18','73','Fugit sequi et eum sed aut esse nemo qui.','1982-08-27 04:09:35'),
('60','41','74','Enim ex quia inventore sit quaerat.','1999-10-18 17:33:37'),
('61','98','18','Accusamus cum rerum eius ea magnam praesentium.','1978-08-25 06:28:43'),
('62','42','81','Accusantium commodi dicta eos ut.','1995-03-04 03:14:26'),
('63','56','70','Inventore numquam quam voluptas modi error.','1987-06-13 10:15:34'),
('64','76','8','Voluptatibus id nemo modi et et eum.','2016-04-05 12:00:07'),
('65','19','43','Ea veritatis incidunt numquam sint similique vero quasi.','1987-10-18 16:04:07'),
('66','36','38','Reiciendis pariatur officia maiores cum consequatur et.','1984-08-15 10:56:42'),
('67','43','52','Cum esse quas voluptas voluptatem laboriosam hic inventore.','2008-06-03 03:21:42'),
('68','54','97','Deserunt cupiditate quibusdam ullam.','2000-11-16 16:14:32'),
('69','55','100','Porro tenetur inventore quis temporibus occaecati.','1975-12-08 19:20:09'),
('70','1','17','Non reiciendis nemo eos.','1999-05-28 15:38:15'),
('71','86','59','Provident beatae non neque et qui modi ullam natus.','1970-02-17 09:45:45'),
('72','14','9','Et architecto a veritatis.','1984-10-10 21:32:44'),
('73','61','5','Vel autem id natus necessitatibus perspiciatis quia.','2012-08-14 03:17:20'),
('74','9','94','Doloremque ea recusandae qui doloribus quis illum.','1978-07-22 06:00:31'),
('75','65','60','Deserunt quis et quia et aliquam quos voluptatum quo.','2015-04-12 10:14:01'),
('76','40','75','Delectus velit porro assumenda consectetur.','2001-04-01 22:10:19'),
('77','65','97','Quae et voluptate blanditiis vero.','1984-10-17 14:55:39'),
('78','29','24','Modi et assumenda suscipit.','2004-05-12 17:40:42'),
('79','39','6','Voluptas veniam magnam pariatur sit.','1979-06-16 06:08:00'),
('80','26','69','Aspernatur assumenda iste sunt sit enim voluptates.','2013-02-27 23:35:32'),
('81','40','74','Ratione pariatur aspernatur amet iusto sed error eveniet.','1982-05-05 19:24:53'),
('82','89','99','Commodi est officia et est.','1995-03-21 13:02:24'),
('83','5','50','Aliquid ut est amet pariatur dolore tenetur et.','1989-02-11 04:43:53'),
('84','64','71','Deserunt laborum dolor nulla molestiae eveniet quae.','1974-03-21 12:24:26'),
('85','25','76','Et et qui beatae nam dolorem dolorum officia.','1993-12-29 19:08:56'),
('86','73','13','Id ex quis saepe enim doloremque mollitia.','2013-06-17 02:04:36'),
('87','12','104','Quia maiores eaque reprehenderit soluta natus.','1976-04-12 11:39:36'),
('88','18','87','Consequuntur cumque placeat est ducimus quas occaecati reiciendis expedita.','1979-01-06 16:22:41'),
('89','91','32','Porro animi harum quia minima.','1999-04-23 19:44:07'),
('90','50','66','Rerum ut non debitis quos quo quos qui.','2014-09-01 17:36:13'),
('91','76','107','Ipsa est animi aut incidunt tempora voluptas est.','1971-05-16 15:24:09'),
('92','17','48','Accusamus animi similique rerum et est qui voluptas.','1975-03-22 19:56:02'),
('93','70','55','Doloribus dignissimos et quibusdam cum at non nisi cupiditate.','1981-11-12 23:17:01'),
('94','59','10','Et tempora dolores provident ut quis.','2016-02-28 23:29:58'),
('95','50','102','Iusto perferendis hic ut ut.','1999-11-27 17:12:37'),
('96','65','108','Corrupti omnis ut quis.','1987-06-09 10:37:04'),
('97','46','64','Adipisci voluptatem minus eum modi necessitatibus excepturi dicta.','1987-02-07 22:57:57'),
('98','72','61','Et eos id delectus incidunt quaerat exercitationem.','2004-08-24 04:56:10'),
('99','95','42','Minus aliquid eius neque voluptatem consectetur quis sit.','2007-06-14 10:43:11'),
('100','10','23','Saepe quaerat aspernatur aut quia hic non.','1977-01-15 04:37:26'),
('101','98','99','Expedita et nihil labore possimus a rerum corporis.','2017-05-08 00:10:16'),
('102','30','12','Ut consequatur facilis rerum sint.','1972-10-24 07:34:26'),
('103','69','56','A maiores facilis et.','2002-07-07 16:24:54'),
('104','82','71','Cupiditate quia ut vero quo.','1991-03-07 18:29:17'),
('105','73','37','Reiciendis amet rerum eos quia.','1993-11-06 15:57:06'),
('106','14','58','Cumque odit aut harum quod adipisci reiciendis sunt.','1994-09-21 05:56:37'),
('107','20','37','Eum nulla facilis molestias voluptatibus.','1982-02-10 05:32:15'),
('108','87','107','Nihil harum sit id illum ab sit ullam eveniet.','1994-03-17 15:18:48'),
('109','77','56','Qui et iure similique sint possimus dignissimos doloribus.','1985-02-28 03:53:32'),
('110','97','32','Et voluptas repellat maiores voluptatem.','2003-12-14 13:23:36'),
('111','31','73','Quo dolorem sunt enim qui assumenda dolorum veritatis eum.','2005-01-02 04:30:30'),
('112','16','92','Nemo adipisci perspiciatis vitae aspernatur asperiores fugiat velit.','2017-02-21 10:36:00'),
('113','14','105','Doloremque et possimus omnis deserunt ratione quibusdam sunt.','2016-06-25 07:33:19'),
('114','27','11','Dolore praesentium distinctio eveniet earum consectetur rem autem est.','1976-03-20 05:46:34'),
('115','22','43','In animi sit aut natus id sapiente.','2003-03-31 10:06:54'),
('116','28','24','Fugiat sunt quo ipsam quia ex corrupti inventore.','1996-02-09 01:13:22'),
('117','18','69','Minima accusantium dolor impedit dolor et odio ipsam.','2013-10-22 19:52:19'),
('118','29','104','Iste qui enim corrupti recusandae rerum.','2016-08-26 22:57:41'),
('119','4','13','Ea minus rerum non et nesciunt exercitationem.','1980-11-20 18:44:31'),
('120','46','91','Dolorem fuga sed minima accusantium.','1993-12-10 10:44:27'),
('121','41','72','Id id ipsam ad est.','1987-10-14 13:09:46'),
('122','23','72','Fuga magnam voluptates libero nostrum nisi architecto quibusdam.','1984-03-30 14:26:36'),
('123','91','12','Ipsam ea vero nisi aut ipsam.','1984-10-19 16:31:46'),
('124','49','80','Dolorem quo et sed repellat in veniam odio voluptas.','1975-10-07 04:50:14'),
('125','56','54','Omnis explicabo veniam recusandae nesciunt aut omnis minima.','2004-11-22 23:13:11'),
('126','93','104','Possimus eveniet ipsum ut et optio asperiores voluptas.','2001-02-27 00:29:53'),
('127','6','10','Commodi doloremque ullam veritatis.','1997-05-17 13:05:51'),
('128','63','23','Laboriosam saepe cupiditate quaerat et reiciendis rerum.','1976-11-25 08:33:43'),
('129','95','107','Soluta ratione unde nulla similique.','2001-07-09 04:31:57'),
('130','28','20','Cumque soluta commodi deserunt perferendis.','1987-09-03 12:25:17'),
('131','25','66','Voluptas perferendis eum ut animi vero eum temporibus.','2004-03-30 16:55:09'),
('132','36','51','Aspernatur molestias sit tempore fugiat.','1975-07-30 22:38:58'),
('133','12','78','Eum nihil dolorem omnis.','1972-03-19 23:20:18'),
('134','29','18','Soluta possimus ut hic et ex minima maiores.','1978-04-13 06:43:02'),
('135','75','89','Cupiditate qui unde laudantium quo maiores.','2008-07-08 01:58:58'),
('136','91','19','Aspernatur commodi quo hic.','1979-01-01 09:40:30'),
('137','33','16','Sunt quae repellendus non consequuntur omnis quaerat.','2020-08-20 23:45:10'),
('138','76','28','Molestias qui expedita sed ut qui provident.','1982-08-17 21:50:54'),
('139','24','29','Ratione consequatur et delectus quo quis voluptatem.','2006-03-07 08:42:08'),
('140','90','95','Ut nesciunt temporibus officia animi natus.','1976-02-06 01:42:22'),
('141','68','98','Rerum qui cumque provident consectetur illo vero.','2006-07-15 15:53:58'),
('142','65','88','Dicta voluptas modi vel eligendi similique excepturi.','1990-09-12 18:09:35'),
('143','90','33','Velit aut id quos voluptates asperiores ea maxime.','1985-08-26 05:20:58'),
('144','92','101','Fuga ea repudiandae vitae maiores voluptatem ab dolorem.','1996-06-20 01:42:24'),
('145','16','24','Rerum ut ipsam voluptas sit porro ipsum eum.','1970-01-23 11:38:01'),
('146','1','48','Perspiciatis non eum in est consequatur occaecati tempora.','1990-08-21 19:54:02'),
('147','75','43','Amet aut tempora repellat et dolor sed non.','1971-12-17 15:08:46'),
('148','82','104','Natus adipisci porro consequatur voluptas quisquam sit est.','1990-11-28 23:01:40'),
('149','100','12','Aperiam blanditiis ad labore delectus saepe vero voluptas nostrum.','1994-09-24 06:21:38'),
('150','1','90','Ut est adipisci reiciendis maxime accusamus ex quis nam.','1979-10-11 20:37:44'); 

INSERT INTO `settings` VALUES ('1','friends','all','all'),
('2','all','nobody','all'),
('3','friends_of_friends','friends','friends'),
('4','all','nobody','friends_of_friends'),
('5','friends','nobody','friends_of_friends'),
('6','all','nobody','all'),
('7','all','friends','all'),
('8','friends_of_friends','friends','friends'),
('9','friends_of_friends','all','all'),
('10','friends','all','friends_of_friends'),
('11','all','all','friends_of_friends'),
('12','friends_of_friends','all','all'),
('13','friends_of_friends','friends','friends'),
('14','friends','all','friends'),
('15','friends_of_friends','friends_of_friends','friends_of_friends'),
('16','all','all','friends'),
('17','all','friends','friends_of_friends'),
('18','friends_of_friends','all','all'),
('19','friends_of_friends','nobody','all'),
('20','friends','friends','friends_of_friends'),
('21','friends_of_friends','all','all'),
('22','friends_of_friends','friends','friends_of_friends'),
('23','friends_of_friends','all','friends'),
('24','all','friends_of_friends','friends'),
('25','friends','friends','friends'),
('26','friends','friends','friends_of_friends'),
('27','friends_of_friends','friends_of_friends','friends_of_friends'),
('28','friends_of_friends','friends','friends_of_friends'),
('29','all','friends','friends'),
('30','friends_of_friends','friends','all'),
('31','friends','nobody','friends_of_friends'),
('32','friends_of_friends','friends','all'),
('33','all','friends','friends'),
('34','all','all','all'),
('35','friends','friends_of_friends','all'),
('36','all','nobody','friends'),
('37','friends','friends_of_friends','friends_of_friends'),
('38','all','friends','all'),
('39','all','nobody','friends'),
('40','all','friends_of_friends','friends'),
('41','friends','all','all'),
('42','friends_of_friends','friends_of_friends','all'),
('43','all','friends_of_friends','friends_of_friends'),
('44','all','friends_of_friends','all'),
('45','friends','friends','friends_of_friends'),
('46','all','friends_of_friends','friends'),
('47','friends_of_friends','nobody','friends'),
('48','friends','friends','friends_of_friends'),
('49','friends_of_friends','friends_of_friends','friends_of_friends'),
('50','all','friends_of_friends','friends'),
('51','all','nobody','all'),
('52','all','all','friends_of_friends'),
('53','friends','friends','friends_of_friends'),
('54','friends_of_friends','nobody','friends'),
('55','friends_of_friends','friends_of_friends','friends'),
('56','friends','friends','all'),
('57','friends','friends','friends'),
('58','friends','all','all'),
('59','all','friends','all'),
('60','all','nobody','all'),
('61','friends_of_friends','friends','friends_of_friends'),
('62','all','all','all'),
('63','all','friends','friends'),
('64','friends_of_friends','friends_of_friends','friends_of_friends'),
('65','friends_of_friends','nobody','friends'),
('66','all','all','friends_of_friends'),
('67','all','all','all'),
('68','all','nobody','friends'),
('69','friends','friends','friends'),
('70','all','friends','friends_of_friends'),
('71','friends_of_friends','all','friends'),
('72','all','friends_of_friends','all'),
('73','friends','nobody','friends'),
('74','all','friends_of_friends','friends_of_friends'),
('75','friends','friends','friends_of_friends'),
('76','friends','friends_of_friends','all'),
('77','friends','all','all'),
('78','all','friends_of_friends','friends_of_friends'),
('79','all','nobody','friends_of_friends'),
('80','all','all','all'),
('81','friends','all','friends_of_friends'),
('82','friends_of_friends','nobody','friends'),
('83','all','friends','friends'),
('84','friends_of_friends','friends_of_friends','all'),
('85','all','friends','friends_of_friends'),
('86','friends','nobody','all'),
('87','all','friends_of_friends','all'),
('88','friends_of_friends','friends_of_friends','friends'),
('89','friends','nobody','friends_of_friends'),
('90','friends','friends','friends_of_friends'),
('91','friends','friends_of_friends','all'),
('92','friends','friends','friends'),
('93','friends','all','friends_of_friends'),
('94','friends_of_friends','nobody','all'),
('95','all','friends_of_friends','friends'),
('96','friends','friends','friends'),
('97','friends_of_friends','all','all'),
('98','all','all','friends_of_friends'),
('99','all','nobody','all'),
('100','all','friends','all'); 

