INSERT INTO applicants VALUES(1, 'Влас', 'Моисеев', 'vlas.moiseev@mail.ru', '9267637212', '1970-08-29', 'М', NULL, 'Украина', 'Краснодар', 0, 1, '2020-09-29 17:45:34.0'),
(2, 'Амирам', 'Самсонов', 'amiram.samsonov@yandex.ru', '9155047595', '1991-04-18', 'М', NULL, 'Украина', 'Волгоград', 0, 0, '2020-09-29 17:45:36.0'),
(3, 'Рамзес', 'Шубин', 'ramzes.shubin@bk.ru', '9266509826', '1960-03-25', 'М', NULL, 'Таджикистан', 'Пермь', 0, 0, '2020-09-29 17:45:37.0'),
(4, 'Чулпан', 'Морозовa', 'chulpan.morozova@bk.ru', '9159133472', '1977-09-08', 'Ж', NULL, 'Беларусь', 'Москва', 1, 0, '2020-09-29 17:45:38.0'),
(5, 'Альберт', 'Ильин', 'albert.ilin@inbox.ru', '9031028370', '1984-06-30', 'М', NULL, 'Таджикистан', 'Новгород', 0, 1, '2020-09-29 17:45:39.0'),
(6, 'Эдгар', 'Мельников', 'edgar.melnikov@rambler.ru', '9612248980', '1984-08-24', 'М', NULL, 'Азербайджан', 'Казань', 1, 0, '2020-09-29 17:45:41.0'),
(7, 'Тахир', 'Филиппов', 'tahir.filippov@inbox.ru', '9152841217', '1999-08-25', 'М', NULL, 'Беларусь', 'Екатеринбург', 1, 0, '2020-09-29 17:45:42.0'),
(8, 'Шакира', 'Беляковa', 'shakira.belyakova@rambler.ru', '9031936969', '1978-03-06', 'Ж', NULL, 'Украина', 'Петербург', 0, 0, '2020-09-29 17:45:43.0'),
(9, 'Архип', 'Мухин', 'arhip.muhin@mail.ru', '9617953321', '1970-04-22', 'М', NULL, 'Украина', 'Воронеж', 1, 0, '2020-09-29 17:45:44.0'),
(10, 'Асия', 'Фоминa', 'asiya.fomina@rambler.ru', '9617158958', '1961-11-03', 'Ж', NULL, 'Украина', 'Пермь', 0, 1, '2020-09-29 17:45:46.0'),
(11, 'Илья', 'Шаров', 'ilya.sharov@inbox.ru', '9157459575', '1984-12-14', 'М', NULL, 'Беларусь', 'Краснодар', 1, 0, '2020-09-30 12:17:55.0'),
(12, 'Марат', 'Шаров', 'marat.sharov@rambler.ru', '9261789045', '1972-08-08', 'М', NULL, 'Казахстан', 'Екатеринбург', 1, 1, '2020-09-30 12:17:56.0'),
(13, 'Жасмин', 'Барановa', 'zhasmin.baranova@yandex.ru', '9269358090', '1985-07-26', 'Ж', NULL, 'Азербайджан', 'Петербург', 1, 1, '2020-09-30 12:17:58.0'),
(14, 'Айрат', 'Устинов', 'ayrat.ustinov@bk.ru', '9036079195', '1965-04-09', 'М', NULL, 'Казахстан', 'Краснодар', 1, 0, '2020-09-30 12:18:00.0'),
(15, 'Мара', 'Журавлёвa', 'mara.zhuravlyova@bk.ru', '9263048613', '1998-03-25', 'Ж', NULL, 'Беларусь', 'Москва', 1, 0, '2020-09-30 12:18:01.0'),
(16, 'Феруза', 'Филипповa', 'feruza.filippova@mail.ru', '9852504249', '1971-12-10', 'Ж', NULL, 'Росиия', 'Красноярск', 1, 1, '2020-09-30 12:23:12.0'),
(17, 'Джан', 'Зайцев', 'dzhan.zaycev@yandex.ru', '9053515324', '1977-04-19', 'М', NULL, 'Росиия', 'Новгород', 0, 0, '2020-09-30 12:23:14.0'),
(18, 'Германн', 'Русаков', 'germann.rusakov@yandex.ru', '9033855715', '1994-03-01', 'М', NULL, 'Росиия', 'Пермь', 1, 0, '2020-09-30 12:23:15.0'),
(19, 'Тимофей', 'Зиновьев', 'timofey.zinovev@bk.ru', '9618779598', '1989-01-17', 'М', NULL, 'Таджикистан', 'Петербург', 0, 1, '2020-09-30 12:23:17.0'),
(20, 'Карл', 'Харитонов', 'karl.haritonov@inbox.ru', '9991821057', '1981-06-12', 'М', NULL, 'Росиия', 'Новосибирск', 0, 0, '2020-09-30 12:23:18.0'),
(21, 'Азат', 'Горшков', 'azat.gorshkov@inbox.ru', '9852985729', '1973-06-23', 'М', NULL, 'Росиия', 'Екатеринбург', 0, 0, '2020-09-30 12:23:20.0'),
(22, 'Рашид', 'Брагин', 'rashid.bragin@bk.ru', '9991725375', '1978-10-03', 'М', NULL, 'Росиия', 'Краснодар', 1, 1, '2020-09-30 17:39:22.0'),
(23, 'Мавлюда', 'Зиновьевa', 'mavlyuda.zinoveva@inbox.ru', '9614348110', '1966-12-26', 'Ж', NULL, 'Росиия', 'Москва', 0, 1, '2020-09-30 17:39:23.0'),
(24, 'Фархад', 'Ситников', 'farhad.sitnikov@inbox.ru', '9854263935', '1994-06-29', 'М', NULL, 'Росиия', 'Москва', 1, 1, '2020-09-30 17:39:24.0'),
(25, 'Кузьма', 'Корнилов', 'kuzma.kornilov@mail.ru', '9997003639', '1961-11-27', 'М', NULL, 'Росиия', 'Краснодар', 1, 1, '2020-09-30 17:39:26.0'),
(26, 'Арина', 'Петуховa', 'arina.petuhova@rambler.ru', '9612392932', '1973-06-27', 'Ж', NULL, 'Росиия', 'Казань', 1, 1, '2020-09-30 17:39:27.0'),
(27, 'Никола', 'Белозёров', 'nikola.belozyorov@mail.ru', '9614616667', '1996-01-10', 'М', NULL, 'Росиия', 'Самара', 1, 1, '2020-09-30 17:39:29.0'),
(28, 'Арслан', 'Потапов', 'arslan.potapov@yandex.ru', '9263349193', '1991-11-08', 'М', NULL, 'Азербайджан', 'Воронеж', 1, 1, '2020-09-30 17:39:30.0'),
(29, 'Радомир', 'Дементьев', 'radomir.dementev@mail.ru', '9152214183', '1966-04-21', 'М', NULL, 'Росиия', 'Уфа', 1, 1, '2020-09-30 17:39:31.0'),
(30, 'Гамлет', 'Богданов', 'gamlet.bogdanov@rambler.ru', '9264588160', '1985-09-26', 'М', NULL, 'Росиия', 'Казань', 1, 1, '2020-09-30 17:39:33.0'),
(31, 'Ирина', 'Доронинa', 'irina.doronina@rambler.ru', '9855611936', '1966-06-10', 'Ж', NULL, 'Росиия', 'Уфа', 1, 1, '2020-09-30 17:39:35.0'),
(32, 'Асия', 'Громовa', 'asiya.gromova@rambler.ru', '9152898586', '1975-05-16', 'Ж', NULL, 'Росиия', 'Петербург', 1, 1, '2020-09-30 17:39:36.0'),
(33, 'Пейтон', 'Орловa', 'peyton.orlova@mail.ru', '9994224941', '1978-08-17', 'Ж', NULL, 'Росиия', 'Воронеж', 1, 1, '2020-09-30 17:39:38.0'),
(34, 'Теона', 'Панфиловa', 'teona.panfilova@inbox.ru', '9619031768', '2001-10-29', 'Ж', NULL, 'Росиия', 'Екатеринбург', 1, 1, '2020-09-30 17:39:39.0'),
(35, 'Лукия', 'Шубинa', 'lukiya.shubina@mail.ru', '9152965796', '1979-07-11', 'Ж', NULL, 'Росиия', 'Пермь', 1, 1, '2020-09-30 17:39:41.0'),
(36, 'Рузалия', 'Исаковa', 'ruzaliya.isakova@google.com', '9058089244', '1977-09-14', 'Ж', NULL, 'Росиия', 'Екатеринбург', 1, 1, '2020-09-30 17:39:42.0'),
(37, 'Федора', 'Коноваловa', 'fedora.konovalova@google.com', '9059349025', '1968-07-04', 'Ж', NULL, 'Росиия', 'Екатеринбург', 1, 0, '2020-10-01 14:37:27.0'),
(38, 'Карим', 'Мартынов', 'karim.martynov@inbox.ru', '9618695334', '1993-09-03', 'М', NULL, 'Росиия', 'Новосибирск', 1, 1, '2020-10-01 14:37:28.0'),
(39, 'Тагир', 'Евсеев', 'tagir.evseev@google.com', '9261397586', '1978-05-07', 'М', NULL, 'Казахстан', 'Петербург', 1, 1, '2020-10-01 14:37:30.0'),
(40, 'Самат', 'Лебедев', 'samat.lebedev@google.com', '9035328086', '1983-05-27', 'М', NULL, 'Росиия', 'Новосибирск', 1, 1, '2020-10-01 14:37:31.0'),
(41, 'Радий', 'Бобылёв', 'radiy.bobylyov@bk.ru', '9039094655', '1984-11-06', 'М', NULL, 'Росиия', 'Новгород', 1, 1, '2020-10-01 14:37:32.0'),
(42, 'Мадина', 'Карповa', 'madina.karpova@mail.ru', '9036514734', '1994-05-27', 'Ж', NULL, 'Украина', 'Омск', 1, 1, '2020-10-01 14:37:33.0'),
(43, 'Шелли', 'Мельниковa', 'shelli.melnikova@bk.ru', '9268475269', '1966-06-10', 'Ж', NULL, 'Росиия', 'Самара', 1, 1, '2020-10-01 14:37:34.0'),
(44, 'Урсула', 'Тетеринa', 'ursula.teterina@google.com', '9267901846', '1985-09-25', 'Ж', NULL, 'Росиия', 'Москва', 1, 1, '2020-10-01 14:37:36.0'),
(45, 'Жерар', 'Миронов', 'zherar.mironov@mail.ru', '9033084148', '1990-11-12', 'М', NULL, 'Росиия', 'Москва', 1, 1, '2020-10-01 14:37:37.0'),
(46, 'Домника', 'Рыбаковa', 'domnika.rybakova@bk.ru', '9265536988', '1967-01-21', 'Ж', NULL, 'Росиия', 'Петербург', 1, 0, '2020-10-01 14:37:38.0'),
(47, 'Абрам', 'Харитонов', 'abram.haritonov@google.com', '9036138093', '1975-08-11', 'М', NULL, 'Росиия', 'Волгоград', 1, 1, '2020-10-01 14:37:39.0'),
(48, 'Лора', 'Мельниковa', 'lora.melnikova@mail.ru', '9616607088', '1986-08-19', 'Ж', NULL, 'Росиия', 'Уфа', 1, 0, '2020-10-01 14:37:41.0'),
(49, 'Ашот', 'Корнилов', 'ashot.kornilov@yandex.ru', '9036129999', '1975-05-08', 'М', NULL, 'Росиия', 'Казань', 1, 1, '2020-10-01 14:37:42.0'),
(50, 'Марика', 'Муравьёвa', 'marika.muravyova@mail.ru', '9053188399', '1992-08-11', 'Ж', NULL, 'Росиия', 'Челябинск', 1, 1, '2020-10-01 14:37:43.0'),
(51, 'Рамзес', 'Ширяев', 'ramzes.shiryaev@mail.ru', '9264911015', '1997-08-27', 'М', NULL, 'Росиия', 'Петербург', 1, 1, '2020-10-01 14:37:44.0'),
(52, 'Хасан', 'Хохлов', 'hasan.hohlov@mail.ru', '9996807089', '1967-02-12', 'М', NULL, 'Росиия', 'Москва', 1, 1, '2020-10-01 14:37:45.0'),
(53, 'Лейла', 'Аксёновa', 'leyla.aksyonova@bk.ru', '9261576176', '1964-06-24', 'Ж', NULL, 'Росиия', 'Пермь', 1, 1, '2020-10-01 14:37:47.0'),
(54, 'Мавлюда', 'Шубинa', 'mavlyuda.shubina@inbox.ru', '9619383033', '1976-08-17', 'Ж', NULL, 'Росиия', 'Самара', 1, 1, '2020-10-01 14:37:48.0'),
(55, 'Павлина', 'Блохинa', 'pavlina.blohina@inbox.ru', '9265021684', '1992-11-20', 'Ж', NULL, 'Росиия', 'Красноярск', 1, 1, '2020-10-01 14:37:50.0'),
(56, 'Руслан', 'Шарапов', 'ruslan.sharapov@bk.ru', '9999571288', '1978-06-22', 'М', NULL, 'Росиия', 'Волгоград', 1, 1, '2020-10-01 14:37:51.0'),
(57, 'Таяна', 'Моисеевa', 'tayana.moiseeva@yandex.ru', '9032398723', '1994-01-18', 'Ж', NULL, 'Росиия', 'Волгоград', 1, 1, '2020-10-01 14:37:52.0'),
(58, 'Зенон', 'Петухов', 'zenon.petuhov@mail.ru', '9038058856', '1992-08-31', 'М', NULL, 'Росиия', 'Воронеж', 1, 0, '2020-10-01 14:37:54.0'),
(59, 'Рустам', 'Семёнов', 'rustam.semyonov@mail.ru', '9857647334', '1995-06-19', 'М', NULL, 'Росиия', 'Новосибирск', 1, 1, '2020-10-01 14:37:55.0'),
(60, 'Снежана', 'Куликовa', 'snezhana.kulikova@inbox.ru', '9991344584', '1999-09-08', 'Ж', NULL, 'Росиия', 'Волгоград', 1, 1, '2020-10-01 14:37:56.0'),
(61, 'Сара', 'Мартыновa', 'sara.martynova@google.com', '9856401271', '1994-08-06', 'Ж', NULL, 'Росиия', 'Самара', 1, 1, '2020-10-01 14:37:57.0'),
(62, 'Кирилл', 'Дементьев', 'kirill.dementev@google.com', '9854091573', '1989-02-24', 'М', NULL, 'Таджикистан', 'Новосибирск', 1, 1, '2020-10-01 14:37:59.0'),
(63, 'Феликс', 'Громов', 'feliks.gromov@yandex.ru', '9616227197', '2000-10-21', 'М', NULL, 'Росиия', 'Красноярск', 0, 0, '2020-10-01 14:38:00.0'),
(64, 'Руфь', 'Марковa', 'ruf.markova@google.com', '9854784540', '1988-05-15', 'Ж', NULL, 'Таджикистан', 'Екатеринбург', 1, 1, '2020-10-01 14:38:02.0'),
(65, 'Давид', 'Назаров', 'david.nazarov@inbox.ru', '9037124258', '1974-10-07', 'М', NULL, 'Росиия', 'Воронеж', 0, 1, '2020-10-01 14:38:03.0'),
(66, 'Регина', 'Щукинa', 'regina.shchukina@google.com', '9999363312', '1961-12-14', 'Ж', NULL, 'Росиия', 'Казань', 1, 1, '2020-10-01 14:38:04.0'),
(67, 'Ладо', 'Дьячков', 'lado.dyachkov@bk.ru', '9055073130', '2001-04-27', 'М', NULL, 'Росиия', 'Новгород', 1, 1, '2020-10-01 14:38:05.0'),
(68, 'Сани', 'Дьячков', 'sani.dyachkov@google.com', '9057222122', '1971-11-08', 'М', NULL, 'Росиия', 'Челябинск', 1, 1, '2020-10-01 14:38:07.0'),
(69, 'Чеслав', 'Яковлев', 'cheslav.yakovlev@google.com', '9262711586', '1989-07-16', 'М', NULL, 'Росиия', 'Краснодар', 1, 1, '2020-10-01 14:38:08.0'),
(70, 'Анисья', 'Зайцевa', 'anisya.zayceva@rambler.ru', '9267829495', '1963-04-08', 'Ж', NULL, 'Росиия', 'Самара', 0, 1, '2020-10-01 14:38:09.0'),
(71, 'Казбек', 'Григорьев', 'kazbek.grigorev@google.com', '9059627792', '1977-07-25', 'М', NULL, 'Росиия', 'Казань', 1, 1, '2020-10-01 14:38:10.0'),
(72, 'Астрид', 'Шашковa', 'astrid.shashkova@bk.ru', '9993797012', '2001-03-05', 'Ж', NULL, 'Росиия', 'Новосибирск', 1, 0, '2020-10-01 14:38:11.0'),
(73, 'Пелагея', 'Новиковa', 'pelageya.novikova@rambler.ru', '9032189931', '1966-05-19', 'Ж', NULL, 'Росиия', 'Челябинск', 1, 1, '2020-10-01 14:38:13.0'),
(74, 'Инна', 'Исаевa', 'inna.isaeva@rambler.ru', '9035882710', '1967-07-15', 'Ж', NULL, 'Росиия', 'Воронеж', 1, 1, '2020-10-01 14:38:14.0'),
(75, 'Зиновий', 'Беляев', 'zinoviy.belyaev@inbox.ru', '9156089815', '1965-12-28', 'М', NULL, 'Росиия', 'Москва', 1, 1, '2020-10-01 14:38:15.0'),
(76, 'Рамина', 'Морозовa', 'ramina.morozova@yandex.ru', '9999063459', '1972-04-23', 'Ж', NULL, 'Росиия', 'Самара', 1, 1, '2020-10-01 14:38:17.0'),
(77, 'Давлат', 'Зыков', 'davlat.zykov@inbox.ru', '9158496442', '1981-03-03', 'М', NULL, 'Украина', 'Новгород', 1, 1, '2020-10-01 14:38:18.0'),
(78, 'Ашот', 'Лазарев', 'ashot.lazarev@yandex.ru', '9617972710', '1960-12-05', 'М', NULL, 'Росиия', 'Красноярск', 1, 1, '2020-10-01 14:38:19.0'),
(79, 'Фридрих', 'Макаров', 'fridrih.makarov@bk.ru', '9269201832', '1988-09-28', 'М', NULL, 'Росиия', 'Красноярск', 1, 1, '2020-10-01 14:38:21.0'),
(80, 'Ибрагим', 'Волков', 'ibragim.volkov@yandex.ru', '9857882376', '1973-07-28', 'М', NULL, 'Росиия', 'Волгоград', 1, 0, '2020-10-01 14:38:22.0'),
(81, 'Симба', 'Журавлёв', 'simba.zhuravlyov@inbox.ru', '9611002416', '1965-11-04', 'М', NULL, 'Росиия', 'Краснодар', 1, 1, '2020-10-01 14:38:23.0'),
(82, 'Рена', 'Николаевa', 'rena.nikolaeva@google.com', '9998321038', '1990-08-27', 'Ж', NULL, 'Росиия', 'Воронеж', 0, 1, '2020-10-01 14:38:24.0'),
(83, 'Марк', 'Федотов', 'mark.fedotov@yandex.ru', '9054815761', '1986-02-08', 'М', NULL, 'Росиия', 'Красноярск', 1, 1, '2020-10-01 14:38:25.0'),
(84, 'Варвара', 'Мухинa', 'varvara.muhina@bk.ru', '9993102355', '1960-08-23', 'Ж', NULL, 'Росиия', 'Самара', 1, 1, '2020-10-01 14:38:27.0'),
(85, 'Алина', 'Петуховa', 'alina.petuhova@yandex.ru', '9851795062', '1963-11-13', 'Ж', NULL, 'Росиия', 'Омск', 1, 1, '2020-10-01 14:38:28.0'),
(86, 'Агат', 'Авдеев', 'agat.avdeev@bk.ru', '9055381919', '1963-05-24', 'М', NULL, 'Беларусь', 'Челябинск', 1, 1, '2020-10-01 14:38:29.0');

INSERT INTO applicants_cv (id, applicant_id, target_position, salary, occupation_type, schedule, driver_license, about_me, created_at) VALUES
(1, 7, 'Портной', 95000, 'Полная', 'Полный день', 'B', 'Тяжело мне жить без тебя, скрывать не буду.', '2020-09-30 17:34:41.0'),
(2, 16, 'Консьерж', 55000, 'Полная', 'Удаленка', 'C', 'Больше татух. Больше месива.', '2020-09-30 17:34:42.0'),
(3, 17, 'Повар', 80000, 'Полная', 'Удаленка', 'C', 'Ваша самооценка не должна меняться из-за одного события или человека.', '2020-09-30 17:34:44.0'),
(4, 6, 'Финансовый менеджер', 25000, 'Проектная', 'Полный день', 'B', 'Если вместе долго плохо, то и не стоит дальше ничего тянуть.', '2020-09-30 17:34:45.0'),
(5, 4, 'Директор котельной', 65000, 'Полная', 'Удаленка', 'E', 'От тебя я не теряю сознание, но всё же приходи…', '2020-09-30 17:34:46.0'),
(6, 3, 'Менеджер по маркетингу', 85000, 'Полная', 'Полный день', 'B', 'Как бы тебя не тянуло ко дну, взлетай.', '2020-09-30 17:34:49.0'),
(7, 14, 'Бухгалтер склада', 40000, 'Полная', 'Полный день', 'A', 'Он мурлыкает так классно, что хочется мурлыкать вместе с ним^^.', '2020-09-30 17:35:02.0'),
(8, 9, 'Дворник', 20000, 'Полная', 'Полный день', 'B', 'Иногда так хочется взяться за то, что особенно “не дано”.', '2020-09-30 17:35:03.0'),
(9, 13, 'Экономист по труду', 110000, 'Полная', 'Полный день', 'B', 'Так обидно, когда что-то хорошее заканчивается, но ещё больше обидно, когда ты за это цепляешься, зная, что этого больше нет.', '2020-09-30 17:35:05.0'),
(10, 19, 'Начальник отдела закупок', 105000, 'Полная', 'Удаленка', 'B', 'Пацан сказал – пацан сделал! Пацан не сделал – пацан шутку пошутил!', '2020-09-30 17:35:06.0'),
(11, 16, 'Заведующий архивом', 85000, 'Частичная', 'Удаленка', 'B', 'Боюсь читать в туалете: боюсь, потом не пустят в библиотеку))).', '2020-09-30 17:35:08.0'),
(12, 1, 'Главный механик', 40000, 'Полная', 'Полный день', 'B', 'Глаза светятся от счастья. Это он подарил.', '2020-09-30 17:35:09.0'),
(13, 6, 'Начальник лаборатории (бюро) по организации труда и управления производством', 35000, 'Частичная', 'Удаленка', 'C', 'Моя мама должна возглавить список самых добрых людей в мире^^.', '2020-09-30 17:35:10.0'),
(14, 2, 'Рубщик мяса', 85000, 'Частичная', 'Удаленка', 'B', 'Если и любовь, то только до мурашек.', '2020-09-30 17:39:52.0'),
(15, 17, 'Стропальщик', 15000, 'Полная', 'Полный день', 'B', 'Он мурлыкает так классно, что хочется мурлыкать вместе с ним^^.', '2020-09-30 17:39:54.0'),
(16, 32, 'Менеджер по персоналу', 105000, 'Полная', 'Удаленка', 'B', 'Моё сердце занято самым важным в жизни – оно качает кровь.', '2020-09-30 17:39:55.0'),
(17, 27, 'Начальник лаборатории (бюро) социологии труда', 110000, 'Полная', 'Полный день', 'B', 'Так обидно, когда что-то хорошее заканчивается, но ещё больше обидно, когда ты за это цепляешься, зная, что этого больше нет.', '2020-09-30 17:39:56.0'),
(18, 15, 'Секретарь отдела', 25000, 'Проектная', 'Полный день', 'C', 'Как чудесно в лесу! Свежий воздух, снег, медведь… медведь?!', '2020-09-30 17:39:57.0'),
(19, 21, 'Начальник (заведующий) мастерской', 100000, 'Полная', 'Удаленка', 'B', 'Пусть дни проходят медленней, но насыщенней.', '2020-09-30 17:39:59.0'),
(20, 33, 'Заведующий экспедицией', 105000, 'Полная', 'Удаленка', 'D', 'Жизнь – это такая игра, у которой миллиарды пользователей. А модераторы добрые и банят редко… но метко и навсегда.', '2020-09-30 17:40:00.0'),
(21, 7, 'Начальник таможенной группы', 95000, 'Полная', 'Полный день', 'B', 'Вступай в мои ботинки, раз уж решила меня судить!', '2020-09-30 17:40:01.0'),
(22, 31, 'Заведующий экспедицией', 80000, 'Полная', 'Гибкий график', 'B', 'Хочу того, кто будет не только любить, но и давать поводы улыбнуться.', '2020-09-30 17:40:02.0'),
(23, 2, 'Автослесарь', 35000, 'Стажировка', 'Полный день', 'B', 'Люди, почаще улучшайте своё настроение :).', '2020-09-30 17:40:04.0'),
(24, 14, 'Начальник отдела персонала', 110000, 'Полная', 'Полный день', 'B', 'Весёлые бабушки — они вдохновляют.', '2020-09-30 17:40:05.0'),
(25, 7, 'Лаборант', 50000, 'Полная', 'Удаленка', 'B', 'Если мужчина тебя любит, то он ни за что не даст тебя в обиду! О, нет… он будет обижать тебя самостоятельно!', '2020-09-30 17:40:06.0'),
(26, 2, 'Диспетчер', 65000, 'Полная', 'Удаленка', 'B', 'Вальяжно выхожу из дома и уверенно, с выражением победительницы на лице, направляюсь к автобусной остановке.', '2020-09-30 17:40:07.0'),
(27, 3, 'Уборщик', 55000, 'Полная', 'Удаленка', 'B', 'Тяжело мне жить без тебя, скрывать не буду.', '2020-09-30 17:40:09.0'),
(28, 7, 'Специалист по ВЭД', 45000, 'Полная', 'Удаленка', 'B', 'А как вы думаете, мечтает ли о чём-то Дед Мороз? Ну, кроме как о толпе улыбающихся детишек…', '2020-09-30 17:40:10.0'),
(29, 13, 'Директор филиала', 85000, 'Полная', 'Полный день', 'B', 'Как бы тебя не тянуло ко дну, взлетай.', '2020-09-30 17:40:11.0'),
(30, 16, 'Начальник отдела автоматизированной системы управления производством', 15000, 'Полная', 'Удаленка', 'B', 'Безответная любовь возвышается, если ты можешь с ней справиться.', '2020-09-30 17:40:12.0'),
(31, 30, 'Начальник лаборатории (бюро) социологии труда', 95000, 'Проектная', 'Полный день', 'B', 'Чем больше лжи, тем меньше доверия. Оно вам надо?', '2020-09-30 17:40:13.0'),
(32, 22, 'Начальник склада', 25000, 'Стажировка', 'Полный день', 'B', 'Приняла решение, что умирать мне еще рано, так как у меня нет нормальной фотографии на могильный камень.', '2020-09-30 17:40:15.0'),
(33, 25, 'Заведующий общежитием', 35000, 'Частичная', 'Удаленка', 'B', 'Если ты — красивый, значит, ты — не ленивый.', '2020-09-30 17:40:16.0'),
(34, 26, 'Директор типографии', 100000, 'Полная', 'Удаленка', 'B', 'Иногда ты ничем не отличаешься не то что от животного, от насекомого.', '2020-09-30 17:40:17.0'),
(35, 20, 'Старший кассир', 55000, 'Полная', 'Удаленка', 'B', 'Вы, конечно, можете попробовать найти со мной общий язык. Но, скорее всего, вам придётся прикусить свой!', '2020-09-30 17:40:18.0'),
(36, 46, 'Заместитель директора по коммерческим вопросам', 50000, 'Полная', 'Гибкий график', 'E', 'Каждый из нас в тайне любит какую-то песню из русской попсы.', '2020-10-01 14:46:55.0'),
(37, 18, 'Повар', 65000, 'Полная', 'Полный день', 'B', 'Если тронешь мою машину, узнаешь, сколько жить, и как именно жизнь закончится :D.', '2020-10-01 14:46:56.0'),
(38, 46, 'Приемосдатчик', 40000, 'Частичная', 'Полный день', 'B', 'Я изменилась. Серьёзно. Прошёл год – я начала любить другую музыку, меня начали интересовать другие люди. У меня появились другие интересы, в конце концов! Но я всё ещё остаюсь маленькой и наивной девочкой…', '2020-10-01 14:46:57.0'),
(39, 48, 'Начальник производства', 50000, 'Проектная', 'Полный день', 'A', 'Сердце шепчет: «Люблю…» Мозг орёт: «Ой, дурааа!»', '2020-10-01 14:46:59.0'),
(40, 81, 'Начальник гаража', 100000, 'Стажировка', 'Полный день', 'B', 'Если судьба свела вас со мной, значит, пришло ваше время платить за свои сраные грехи.', '2020-10-01 14:47:00.0'),
(41, 43, 'Заведующий складом', 20000, 'Полная', 'Полный день', 'B', 'Говорят, что когда что-то теряешь, то обязательно что-то находишь. Баланс, так сказать. Так вот, надеюсь, потеряв меня, ты найдёшь себе немного мозгов!', '2020-10-01 14:47:01.0'),
(42, 59, 'Рабочий пищевого производства', 65000, 'Полная', 'Удаленка', 'B', 'Моя мама должна возглавить список самых добрых людей в мире^^.', '2020-10-01 14:47:02.0'),
(43, 65, 'Главный энергетик', 20000, 'Полная', 'Удаленка', 'B', 'Решила отказаться от сладкого, но ведь нельзя жить без радости!', '2020-10-01 14:47:03.0'),
(44, 23, 'Начальник таможенной группы', 30000, 'Полная', 'Полный день', 'B', 'Сказку про то, что девушкам нужны только деньги… придумали мужчинки, у которых их нет.', '2020-10-01 14:47:04.0'),
(45, 15, 'Заместитель директора по управлению персоналом', 30000, 'Полная', 'Полный день', 'B', 'Я не верю в дружбу между мужчиной и женщиной. Давай начистоту.', '2020-10-01 14:47:05.0'),
(46, 19, 'Продавец-кассир', 70000, 'Частичная', 'Полный день', 'B', 'Это прекрасное чувство, когда ты кого-то бесишь, и у него идет пар из ушей, а ты просто стоишь и ржёшь!', '2020-10-01 14:47:07.0'),
(47, 3, 'Секретарь-ресепшионист', 25000, 'Полная', 'Удаленка', 'B', 'Мудрая женщина всё умножает на два.', '2020-10-01 14:47:08.0'),
(48, 39, 'Заместитель главного бухгалтера', 40000, 'Полная', 'Полный день', 'C', 'У каждого в жизни есть не до конца забытый человек…', '2020-10-01 14:47:09.0'),
(49, 29, 'Машинист холодильных установок', 105000, 'Частичная', 'Полный день', 'B', 'На грабли наступаю так часто, что даже здороваться не приходится.', '2020-10-01 14:47:10.0'),
(50, 52, 'Приемосдатчик', 80000, 'Полная', 'Удаленка', 'D', 'Да срал я на чёрные и белые полосы. Я живу исключительно на своей фиолетовой полосе!', '2020-10-01 14:47:11.0'),
(51, 36, 'Менеджер', 110000, 'Полная', 'Полный день', 'B', 'Поправьте мою корону. Я заезжаю в трон!', '2020-10-01 14:47:12.0'),
(52, 58, 'Заведующий производством (шеф-повар)', 30000, 'Полная', 'Удаленка', 'B', 'Всегда есть кто-то, кто смотрит на тебя, в то время пока ты смотришь на кого-то другого.', '2020-10-01 14:47:13.0'),
(53, 1, 'Руководитель товарного направления', 60000, 'Полная', 'Полный день', 'A', 'Жить — это так просто. Жить — это так классно.', '2020-10-01 14:47:15.0'),
(54, 69, 'Официант', 45000, 'Полная', 'Полный день', 'B', 'Это лето втирает нам какую-то дичь!', '2020-10-01 14:47:16.0'),
(55, 69, 'Бармен-кассир', 110000, 'Полная', 'Удаленка', 'B', 'Молодец. Хихикай. С твоими-то зубками только хихикать и остаётся…', '2020-10-01 14:47:17.0'),
(56, 72, 'Директор ресторана / кафе', 20000, 'Полная', 'Удаленка', 'D', 'Отбиться от стаи — это иногда полезно.', '2020-10-01 14:47:18.0'),
(57, 26, 'Приемосдатчик', 100000, 'Полная', 'Полный день', 'B', 'Расставание — только чтобы потом поскорее встретиться!', '2020-10-01 14:47:19.0'),
(58, 83, 'Заведующий научно-технической библиотекой', 115000, 'Полная', 'Удаленка', 'B', 'Отбиться от стаи — это иногда полезно.', '2020-10-01 14:47:20.0'),
(59, 5, 'Программист', 15000, 'Полная', 'Удаленка', 'B', 'Когда всё катится к чертям, меньше всего хочется знать, заслуживаешь ты этого или нет.', '2020-10-01 14:47:21.0'),
(60, 6, 'Начальник юридического отдела', 100000, 'Полная', 'Полный день', 'B', 'Если людей тянется слишком много, значит, обаяние нужно выключать))).', '2020-10-01 14:47:22.0'),
(61, 64, 'Бухгалтер склада', 35000, 'Полная', 'Удаленка', 'B', 'Взрослая – это когда идёшь по улице в -30 градусов без шапки и чувствуешь себя дурой, а не крутой…', '2020-10-01 14:47:23.0'),
(62, 54, 'Программист', 70000, 'Полная', 'Полный день', 'B', 'А вам знакомо такое чувство: едешь в автобусе, вокруг бабульки и злые лица, а ты такая в наушниках слушаешь музыку и пытаешься не подпевать?', '2020-10-01 14:47:25.0'),
(63, 63, 'Директор типографии', 115000, 'Проектная', 'Полный день', 'B', 'Назло всем бедам буду самой-самой радостной.', '2020-10-01 14:47:26.0'),
(64, 36, 'Директор супермаркета', 20000, 'Частичная', 'Полный день', 'B', 'Это лето втирает нам какую-то дичь!', '2020-10-01 14:47:27.0'),
(65, 24, 'Геодезист', 60000, 'Полная', 'Полный день', 'B', 'Больше татух. Больше месива.', '2020-10-01 14:47:28.0'),
(66, 41, 'Рабочий непищевого производства', 30000, 'Полная', 'Полный день', 'B', 'Если в доме совсем нет хлеба, то нет там и мужика.', '2020-10-01 14:47:29.0'),
(67, 46, 'Заместитель директора по связям с общественностью', 60000, 'Полная', 'Сменный график', 'B', 'Меня нельзя знакомить с двумя людьми одновременно. Всё равно имена перепутаю.', '2020-10-01 14:47:30.0'),
(68, 74, 'Копирайтер', 45000, 'Полная', 'Гибкий график', 'A', 'Любите некурящих и непьющих, цените правильных, добрых и положительных, а меня не трогайте, бля.', '2020-10-01 14:47:31.0'),
(69, 58, 'Начальник отдела автоматизированной системы управления производством', 85000, 'Полная', 'Полный день', 'B', 'Даже если я попаду в ад, то буду танцевать там с дьяволами :D.', '2020-10-01 14:47:33.0'),
(70, 51, 'Начальник производственной лаборатории (по контролю производства)', 95000, 'Полная', 'Удаленка', 'D', 'Мудрая женщина всё умножает на два.', '2020-10-01 14:47:34.0'),
(71, 14, 'Кондитер', 20000, 'Частичная', 'Полный день', 'B', 'Забыть человека мешают именно хорошие воспоминания.', '2020-10-01 14:47:35.0'),
(72, 21, 'Менеджер по ключевым клиентам', 55000, 'Полная', 'Полный день', 'B', 'Ваша самооценка не должна меняться из-за одного события или человека.', '2020-10-01 14:47:36.0'),
(73, 32, 'Заведующий копировально-множительным бюро', 15000, 'Полная', 'Удаленка', 'B', 'Скорая, не приезжайте, у нас сегодня всё хорошо))).', '2020-10-01 14:47:37.0'),
(74, 21, 'Инженер', 110000, 'Полная', 'Удаленка', 'B', 'А как вы думаете, мечтает ли о чём-то Дед Мороз? Ну, кроме как о толпе улыбающихся детишек…', '2020-10-01 14:47:38.0'),
(75, 61, 'Слесарь', 20000, 'Полная', 'Удаленка', 'B', 'Так, как я, никто не любит тебя, малыш.', '2020-10-01 14:47:39.0'),
(76, 63, 'Главный технолог', 85000, 'Полная', 'Удаленка', 'B', 'Ты уходи. А я пока потанцую.', '2020-10-01 14:47:41.0'),
(77, 60, 'Лаборант', 90000, 'Полная', 'Удаленка', 'B', 'Любовь пускает стрелы, и даже не оставляет швов.', '2020-10-01 14:47:42.0'),
(78, 62, 'Начальник лаборатории (бюро) социологии труда', 80000, 'Частичная', 'Полный день', 'B', 'Назло всем бедам буду самой-самой радостной.', '2020-10-01 14:47:43.0'),
(79, 7, 'Эколог', 15000, 'Полная', 'Гибкий график', 'B', 'Любовь приходит не к каждому, но к нам всё-таки пришла^^.', '2020-10-01 14:47:44.0'),
(80, 3, 'Менеджер по обучению', 40000, 'Полная', 'Удаленка', 'B', 'Молодец. Хихикай. С твоими-то зубками только хихикать и остаётся…', '2020-10-01 14:47:45.0'),
(81, 57, 'Пекарь', 100000, 'Полная', 'Полный день', 'B', 'Вальяжно выхожу из дома и уверенно, с выражением победительницы на лице, направляюсь к автобусной остановке.', '2020-10-01 14:47:46.0'),
(82, 18, 'Торговый представитель', 35000, 'Полная', 'Удаленка', 'E', 'Если вместе долго плохо, то и не стоит дальше ничего тянуть.', '2020-10-01 14:47:47.0'),
(83, 22, 'Менеджер по закупкам', 90000, 'Полная', 'Удаленка', 'B', 'Книги должны стать вашим лекарством от глупости.', '2020-10-01 14:47:48.0'),
(84, 50, 'Офис-менеджер', 105000, 'Полная', 'Полный день', 'B', 'Приняла решение, что умирать мне еще рано, так как у меня нет нормальной фотографии на могильный камень.', '2020-10-01 14:47:50.0'),
(85, 29, 'Директор гостиницы', 80000, 'Полная', 'Удаленка', 'B', 'Если и любовь, то только до мурашек.', '2020-10-01 14:47:51.0'),
(86, 71, 'Слесарь', 80000, 'Полная', 'Полный день', 'B', 'Если вместе долго плохо, то и не стоит дальше ничего тянуть.', '2020-10-02 12:54:41.0'),
(87, 25, 'Старший бухгалтер', 15000, 'Полная', 'Полный день', 'B', 'Дружба – это когда рассказываешь о себе нелепости, не боясь услышать их в другом конце страны.', '2020-10-02 12:54:41.0'),
(88, 38, 'Начальник отдела информации', 35000, 'Полная', 'Полный день', 'B', 'Судя по всему, я питаю какую-то слабость к граблям.', '2020-10-02 12:54:42.0'),
(89, 57, 'Начальник отдела ИТ', 95000, 'Полная', 'Полный день', 'E', 'Я всё ещё верю в людей. Снова и снова даю им ещё один шанс.', '2020-10-02 12:54:42.0'),
(90, 7, 'Повар', 75000, 'Полная', 'Полный день', 'B', 'Только взрослый может улыбнуться и забыть, если ему делали больно…', '2020-10-02 12:54:43.0'),
(91, 80, 'Рабочий непищевого производства', 95000, 'Полная', 'Полный день', 'B', 'Сказку про то, что девушкам нужны только деньги… придумали мужчинки, у которых их нет.', '2020-10-02 12:54:43.0'),
(92, 4, 'Начальник отдела кадров', 75000, 'Полная', 'Полный день', 'B', 'Самый сильный афродизиак – уверенность в себе!', '2020-10-02 12:54:44.0'),
(93, 27, 'Директор типографии', 25000, 'Полная', 'Полный день', 'B', 'Кажется, знаешь о себе все. Так нет же – находятся люди, которые знают о тебе больше…', '2020-10-02 12:54:44.0'),
(94, 20, 'Заведующий лабораторией', 70000, 'Полная', 'Полный день', 'B', 'Нельзя мириться с предательством, но подготовленным быть стоит!', '2020-10-02 12:54:44.0'),
(95, 29, 'Заместитель главного бухгалтера', 55000, 'Полная', 'Полный день', 'B', 'Пусть дни проходят медленней, но насыщенней.', '2020-10-02 12:54:45.0'),
(96, 29, 'Машинист строительной техники', 110000, 'Полная', 'Удаленка', 'B', 'Это прекрасное чувство, когда ты кого-то бесишь, и у него идет пар из ушей, а ты просто стоишь и ржёшь!', '2020-10-02 12:54:45.0'),
(97, 64, 'Продавец', 20000, 'Полная', 'Полный день', 'B', 'Если людей тянется слишком много, значит, обаяние нужно выключать))).', '2020-10-02 12:54:45.0'),
(98, 30, 'Главный конструктор', 65000, 'Полная', 'Полный день', 'D', 'Расставание — только чтобы потом поскорее встретиться!', '2020-10-02 12:54:46.0'),
(99, 77, 'Инженер по технике безопасности', 100000, 'Полная', 'Полный день', 'B', 'Любовь пускает стрелы, и даже не оставляет швов.', '2020-10-02 12:54:46.0'),
(100, 12, 'Дворник', 75000, 'Стажировка', 'Гибкий график', 'B', 'Если ты — красивый, значит, ты — не ленивый.', '2020-10-02 12:54:46.0'),
(101, 24, 'Контролер качества', 45000, 'Полная', 'Удаленка', 'B', 'Если вместе долго плохо, то и не стоит дальше ничего тянуть.', '2020-10-02 12:54:46.0'),
(102, 64, 'Курьер', 110000, 'Полная', 'Полный день', 'B', 'А вы замечали, что самые дерьмовые вещи приключаются именно в канун Нового года? Знаете, почему? А у меня есть теория – это для того, чтобы все плохое осталось в этом году, а не переходило в новый!', '2020-10-02 12:54:47.0'),
(103, 58, 'Заведующий общежитием', 70000, 'Полная', 'Удаленка', 'B', 'Пусть дни проходят медленней, но насыщенней.', '2020-10-02 12:54:47.0'),
(104, 44, 'Торговый представитель', 35000, 'Проектная', 'Полный день', 'B', 'Самый сильный афродизиак – уверенность в себе!', '2020-10-02 12:54:48.0'),
(105, 74, 'Менеджер по персоналу', 20000, 'Полная', 'Удаленка', 'B', 'Можно накрасить губы, ресницы, наложить румяна, но блеск в глазах может дать только лишь бухлишко.', '2020-10-02 12:54:48.0');


INSERT INTO education (cv_id, edu_degree, university, faculty, specialty, end_date) VALUES
(30, 'Бакалавр', 'Сибирский государственный аэрокосмический университет имени академика М.Ф. Решетнева', 'Автоматизация технологических процессов и производств', 'Кораблестроение, океанотехника и системотехника объектов морской инфраструктуры', '2008-09-20'),
(14, 'Магистр', 'Российский университет дружбы народов', 'Агрохимия и агропочвоведение', 'Музыкально-инструментальное искусство', '1988-04-03'),
(30, 'Высшее', 'Воронежский государственный медицинский университет имени Н.Н. Бурденко Министерства здравоохранения РФ', 'Антропология и этнология', 'Менеджмент', '2008-09-20'),
(19, 'Высшее', 'Белгородский государственный технологический университет имени В.Г. Шухова', 'Библиотечно-информационная деятельность', 'Инфокоммуникационные технологии и системы связи', '2012-01-12'),
(13, 'Магистр', 'Российский государственный педагогический университет имени А. И. Герцена', 'Библиотечно-информационная деятельность', 'Хореографическое искусство', '2008-07-20'),
(54, 'Высшее', 'Белгородский государственный технологический университет имени В.Г. Шухова', 'Биоинженерия и биоинформатика', 'Стандартизация и метрология', '1999-08-12'),
(7, 'Магистр', 'Санкт-Петербургский гос. электротехнический университет «ЛЭТИ» имени В.И. Ульянова (Ленина)', 'Биотехнические системы и технологии', 'Агрохимия и агропочвоведение', '2022-08-19'),
(26, 'Высшее', 'Государственный университет “Дубна”', 'Ветеринария', 'Сервис', '1996-06-21'),
(27, 'Высшее', 'Национальный исследовательский университет «МЭИ»', 'Водные биоресурсы и аквакультура', 'Графический дизайн', '2019-01-04'),
(15, 'Магистр', 'Казанский государственный медицинский университет Министерства здравоохранения РФ', 'Востоковедение и африканистика', 'Гидромелиорация', '2021-03-19'),
(29, 'Высшее', 'Уральский федеральный университет имени первого Президента России Б.Н. Ельцина', 'Высокотехнологические плазменные и энергетические установки', 'Дизайн архитектурной среды', '1989-04-15'),
(5, 'Высшее', 'Казанский национальный исследовательский технологический университет', 'Графика', 'Теология', '2007-06-25'),
(81, 'Высшее', 'Санкт-Петербургский государственный архитектурно-строительный университет', 'Двигатели летательных аппаратов', 'Хореографическое исполнительство', '1988-10-29'),
(61, 'Бакалавр', 'Уральский гос. горный университет', 'Декоративно-прикладное искусство и народные промыслы', 'Технология художественного оформления спектакля', '2017-07-31'),
(16, 'Бакалавр', 'Самарский государственный медицинский университет Министерства здравоохранения РФ', 'Драматургия', 'Философия', '1994-12-04'),
(29, 'Высшее', 'Национальный исследовательский Мордовский государственный университет имени Н.П. Огарёва', 'Землеустройство и кадастры', 'Ядерные физика и технологии', '1989-04-15'),
(33, 'Высшее', 'Воронежский государственный университет', 'Интеллектуальные системы в гуманитарной сфере', 'Специальное (дефектологическое) образование', '2001-08-11'),
(3, 'Высшее', 'Сибирский государственный медицинский университет Министерства здравоохранения РФ', 'Информационные системы и технологии', 'Градостроительство', '1983-03-20'),
(74, 'Магистр', 'Российский национальный исследовательский медицинский университет им. Н. И. Пирогова', 'Искусство концертного исполнительства', 'Прикладные математика и физика', '1990-07-09'),
(13, 'Неоконченное высшее', 'Российский университет дружбы народов', 'Искусство концертного исполнительства', 'Материаловедение и технологии материалов', '2008-07-20'),
(32, 'Высшее', 'Национальный исследовательский Томский политехнический университет', 'Киноведение', 'Техническая физика', '1998-05-10'),
(20, 'Высшее', 'Новосибирский государственный технический университет', 'Клиническая психология', 'Жилищное хозяйство и коммунальная инфраструктура', '2004-06-06'),
(2, 'Высшее', 'Рязанский государственный медицинский университет имени академика И.П. Павлова Министерства здравоохранения РФ', 'Композиция', 'Педагогическое образование (с двумя профилями подготовки)', '2014-04-12'),
(62, 'Высшее', 'Первый Московский государственный медицинский университет имени И.М. Сеченова Министерства здравоохранения РФ', 'Конструирование изделий легкой промышленности', 'Психология', '2012-02-19'),
(15, 'Высшее', 'Тюменский государственный медицинский университет Министерства здравоохранения РФ', 'Конструкторско-технологическое обеспечение машиностроительных производств', 'История искусств', '2021-03-19'),
(17, 'Бакалавр', 'Саратовский национальный исследовательский государственный университет имени Н.Г. Чернышевского', 'Корабельное вооружение', 'Ядерные физика и технологии', '2000-04-13'),
(52, 'Магистр', 'Казанский национальный исследовательский технологический университет', 'Лечебное дело', 'Геодезия и дистанционное зондирование', '1990-02-06'),
(50, 'Высшее', 'Государственный университет “Дубна”', 'Литературное творчество', 'Лесное дело', '2015-08-06'),
(14, 'Бакалавр', 'Томский государственный университет систем управления и радиоэлектроники', 'Материаловедение и технологии материалов', 'Технология продукции и организация общественного питания', '1988-04-03'),
(26, 'Магистр', 'Сибирский государственный аэрокосмический университет имени академика М.Ф. Решетнева', 'Музеология и охрана объектов культурного и природного наследия', 'Юриспруденция', '1996-06-21'),
(16, 'Высшее', 'Первый Московский государственный медицинский университет имени И.М. Сеченова Министерства здравоохранения РФ', 'Наземные транспортно-технологические комплексы', 'История искусств', '1994-12-04'),
(26, 'Бакалавр', 'Российский государственный педагогический университет имени А. И. Герцена', 'Наземные транспортно-технологические комплексы', 'Нанотехнологии и микросистемная техника', '1996-06-21'),
(17, 'Магистр', 'Национальный исследовательский Томский политехнический университет', 'Наноинженерия', 'Теплоэнергетика и теплотехника', '2000-04-13'),
(21, 'Высшее', 'Нижегородский государственный университет имени Н.И. Лобачевского.', 'Наноматериалы', 'Оптотехника', '1996-06-17'),
(7, 'Магистр', 'Национальный исследовательский ядерный университет «МИФИ»', 'Педагогика и психология девиантного поведения', 'Эксплуатация аэропортов и обеспечение полетов воздушных судов', '2022-08-19'),
(51, 'Высшее', 'Иркутский национальный исследовательский технический университет', 'Пожарная безопасность', 'Государственное и муниципальное управление', '2020-08-21'),
(30, 'Высшее', 'Алтайский государственный технический университет имени И.И. Ползунова', 'Приборостроение', 'Управление персоналом', '2008-09-20'),
(46, 'Высшее', 'Московский физико-технический институт (государственный университет)', 'Прикладная геодезия', 'Прикладные математика и физика', '1990-01-15'),
(3, 'Магистр', 'Санкт-Петербургский государственный технологический институт (технический университет)', 'Прикладная гидрометеорология', 'Фундаментальная и прикладная лингвистика', '1983-03-20'),
(13, 'Высшее', 'Российская академия народного хозяйства и государственной службы при Президенте РФ', 'Природообустройство и водопользование', 'Социальная работа', '2008-07-20'),
(16, 'Высшее', 'Московский авиационный институт (национальный исследовательский университет)', 'Программная инженерия', 'Бизнес-информатика', '1994-12-04'),
(33, 'Высшее', 'Московский государственный юридический университет им. О. Е. Кутафина (МГЮА)', 'Продюсерство', 'Графический дизайн', '2001-08-11'),
(15, 'Магистр', 'Новосибирский государственный технический университет', 'Проектирование, производство и эксплуатация ракет и ракетно-космических комплексов', 'Дизайн костюма', '2021-03-19'),
(16, 'Высшее', 'Волгоградский государственный университет', 'Психология служебной деятельности', 'Геодезия и дистанционное зондирование', '1994-12-04'),
(25, 'Высшее', 'Саратовский национальный исследовательский государственный университет имени Н.Г. Чернышевского', 'Самолёто- и вертолётостроение', 'Гидрометеорология', '1984-11-21'),
(17, 'Высшее', 'Казанский национальный исследовательский технологический университет', 'Сестринское дело', 'Энерго- и ресурсосберегающие процессы в химической технологии, нефтехимии и биотехнологии', '2000-04-13'),
(9, 'Высшее', 'Российский экономический университет имени Г.В. Плеханова', 'Системы управления летательными аппаратами', 'Управление персоналом', '1993-04-16'),
(33, 'Высшее', 'Национальный исследовательский ядерный университет «МИФИ»', 'Социальная работа', 'Управление персоналом', '2001-08-11'),
(16, 'Бакалавр', 'Нижегородский государственный технический университет имени Р.Е. Алексеева', 'Социология', 'Математическое обеспечение и администрирование информационных систем', '1994-12-04'),
(30, 'Высшее', 'Российский государственный педагогический университет имени А. И. Герцена', 'Социология', 'Управление персоналом', '2008-09-20'),
(22, 'Высшее', 'Сибирский федеральный университет', 'Специальное (дефектологическое) образование', 'Технология художественной обработки материалов', '2001-09-27'),
(21, 'Магистр', 'Национальный минерально-сырьевой университет “Горный”', 'Специальные радиотехнические системы', 'Экономика', '1996-06-17'),
(46, 'Высшее', 'Московский физико-технический институт (государственный университет)', 'Стоматология', 'Реклама и связи с общественностью', '1990-01-15'),
(4, 'Высшее', 'Всероссийская академия внешней торговли Министерства экономического развития РФ', 'Стоматология', 'Строительство', '2000-09-02'),
(17, 'Бакалавр', 'Самарский государственный университет', 'Стоматология', 'Математическое обеспечение и администрирование информационных систем', '2000-04-13'),
(29, 'Высшее', 'Национальный исследовательский университет “Высшая школа экономики”', 'Строительство железных дорог, мостов и транспортных тоннелей', 'Психолого-педагогическое образование', '1989-04-15'),
(7, 'Магистр', 'Казанский (Приволжский) федеральный университет', 'Строительство, эксплуатация, восстановление и техническое прикрытие автомобильных дорог, мостов и тоннелей', 'Интеллектуальные системы в гуманитарной сфере', '2022-08-19'),
(13, 'Неоконченное высшее', 'Санкт-Петербургский государственный экономический университет', 'Сценография', 'Теология', '2008-07-20'),
(14, 'Высшее', 'Новосибирский государственный технический университет', 'Сценография', 'Инфокоммуникационные технологии и системы связи', '1988-04-03'),
(14, 'Магистр', 'Национальный исследовательский Томский политехнический университет', 'Телевидение', 'Продукты питания из растительного сырья', '1988-04-03'),
(1, 'Высшее', 'Казанский национальный исследовательский технический университет имени А.Н. Туполева-КАИ', 'Телевидение', 'Дирижирование', '1993-08-23'),
(1, 'Высшее', 'Российский национальный исследовательский медицинский университет им. Н. И. Пирогова', 'Теплоэнергетика и теплотехника', 'География', '1993-08-23'),
(16, 'Бакалавр', 'Первый Московский государственный медицинский университет имени И.М. Сеченова Министерства здравоохранения РФ', 'Теплоэнергетика и теплотехника', 'Землеустройство и кадастры', '1994-12-04'),
(13, 'Неоконченное высшее', 'Национальный исследовательский Московский государственный строительный университет', 'Техническая эксплуатация летательных аппаратов и двигателей', 'Технология художественной обработки материалов', '2008-07-20'),
(22, 'Бакалавр', 'Московский государственный университет путей сообщения Императора Николая II', 'Технология изделий легкой промышленности', 'Землеустройство и кадастры', '2001-09-27'),
(48, 'Магистр', 'Национальный исследовательский Томский политехнический университет', 'Технология лесозаготовительных и деревоперерабатывающих производств', 'Агрономия', '2009-08-13'),
(3, 'Высшее', 'Самарский гос. аэрокосмический университет имени академика С.П. Королёва (НИУ).', 'Технология полиграфического и упаковочного производства', 'Хореографическое искусство', '1983-03-20'),
(14, 'Магистр', 'Национальный исследовательский университет «МЭИ»', 'Технология транспортных процессов', 'География', '1988-04-03'),
(18, 'Магистр', 'Иркутский национальный исследовательский технический университет', 'Технология транспортных процессов', 'История искусств', '2017-02-23'),
(1, 'Высшее', 'Южный федеральный университет', 'Торговое дело', 'Картография и геоинформатика', '1993-08-23'),
(21, 'Высшее', 'Курский государственный медицинский университет Министерства здравоохранения РФ', 'Транспортные средства специального назначения', 'Реклама и связи с общественностью', '1996-06-17'),
(25, 'Высшее', 'Первый Московский государственный медицинский университет имени И.М. Сеченова Министерства здравоохранения РФ', 'Управление персоналом', 'Регионоведение России', '1984-11-21'),
(32, 'Высшее', 'Южный федеральный университет', 'Физика', 'Химия', '1998-05-10'),
(16, 'Магистр', 'Национальный минерально-сырьевой университет “Горный”', 'Физика', 'Авиастроение', '1994-12-04'),
(48, 'Высшее', 'Северо-Западный Госмедуниверситет им. И.И. Мечникова.', 'Фундаментальная информатика и информационные технологии', 'Геодезия и дистанционное зондирование', '2009-08-13'),
(7, 'Магистр', 'Сибирский государственный медицинский университет Министерства здравоохранения РФ', 'Холодильная, криогенная техника и системы жизнеобеспечения', 'Экология и природопользование', '2022-08-19'),
(13, 'Магистр', 'Московский государственный лингвистический университет', 'Цирковое искусство', 'Искусства и гуманитарные науки', '2008-07-20'),
(6, 'Магистр', 'Новосибирский государственный технический университет', 'Экономика', 'Баллистика и гидроаэродинамика', '2007-08-19'),
(2, 'Высшее', 'Тюменский государственный медицинский университет Министерства здравоохранения РФ', 'Эксплуатация транспортно-технологических машин и комплексов', 'Управление водным транспортом и гидрографическое обеспечение судоходства', '2014-04-12'),
(3, 'Неоконченное высшее', 'Южный федеральный университет', 'Эксплуатация транспортно-технологических машин и комплексов', 'Биотехнические системы и технологии', '1983-03-20'),
(7, 'Бакалавр', 'Казанский национальный исследовательский технический университет имени А.Н. Туполева-КАИ', 'Электроника и наноэлектроника', 'Экономика', '2022-08-19'),
(17, 'Высшее', 'Казанский государственный медицинский университет Министерства здравоохранения РФ', 'Энергетическое машиностроение', 'Психология', '2000-04-13');

INSERT INTO employers (id, company, INN, email, phone, city, description, url, logo_id, created_at) VALUES
(30, '"ИнфоСофт"', '7747667094', 'info@_infosoft_.ru', '8002134892', 'Новосибирск', 'IT и интернет', 'http://_infosoft_.ru', NULL, '2020-10-01 16:10:23.0'),
(44, '5 карманов', '7713619142', 'info@5_karmanov.ru', '8003727957', 'Долгопрудный', 'Ритейловые сети', 'http://5_karmanov.ru', NULL, '2020-10-01 16:15:18.0'),
(17, 'AGYM', '7757409443', 'info@agym.ru', '4996739629', 'Тверь', 'Услуги для населения', 'http://agym.ru', NULL, '2020-10-01 16:10:03.0'),
(32, 'ATH American Express GBT', '7715738312', 'info@ath_american_express_gbt.ru', '8001481550', 'Москва', 'Услуги для бизнеса, сервисные и инжиниринговые компании', 'http://ath_american_express_gbt.ru', NULL, '2020-10-01 16:12:33.0'),
(64, 'BEEPER', '7726898594', 'info@beeper.ru', '4992767913', 'Екатеринбург', 'Услуги для бизнеса, сервисные и инжиниринговые компании', 'http://beeper.ru', NULL, '2020-10-01 16:16:30.0'),
(34, 'BingoBoom', '7754598348', 'info@bingoboom.ru', '4968689586', 'Москва', 'IT и интернет', 'http://bingoboom.ru', NULL, '2020-10-01 16:12:35.0'),
(56, 'DMG MORI', '7753182663', 'info@dmg_mori.ru', '4961011395', 'Москва', 'Производство, торгово-производственные компании', 'http://dmg_mori.ru', NULL, '2020-10-01 16:16:09.0'),
(42, 'E-COM', '7749138436', 'info@e-com.ru', '4952803691', 'Москва', 'IT и интернет', 'http://e-com.ru', NULL, '2020-10-01 16:13:44.0'),
(76, 'EKF', '7712718254', 'info@ekf.ru', '4998882357', 'Москва', 'Производство, торгово-производственные компании', 'http://ekf.ru', NULL, '2020-10-01 16:18:18.0'),
(15, 'Fazer', '7748094262', 'info@fazer.ru', '4962401089', 'Санкт-Петербург', 'Пищевое производство, торгово-производственные компании', 'http://fazer.ru', NULL, '2020-10-01 16:10:01.0'),
(5, 'Henkel', '7744486350', 'info@henkel.ru', '8006177788', 'Москва', 'FMCG', 'http://henkel.ru', NULL, '2020-10-01 16:08:48.0'),
(70, 'ITC-Electronics', '7722029390', 'info@itc-electronics.ru', '4952849071', 'Новосибирск', 'Оптовые продажи, дилеры, дистрибьюторы', 'http://itc-electronics.ru', NULL, '2020-10-01 16:17:40.0'),
(48, 'Nexign', '7745483170', 'info@nexign.ru', '4993455327', 'Санкт-Петербург', 'IT и интернет', 'http://nexign.ru', NULL, '2020-10-01 16:15:52.0'),
(7, 'Parallels', '7753744114', 'info@parallels.ru', '4952508422', 'Москва', 'IT и интернет', 'http://parallels.ru', NULL, '2020-10-01 16:08:50.0'),
(65, 'Perfetti Van Melle', '7752152781', 'info@perfetti_van_melle.ru', '8006596675', 'Москва', 'Пищевое производство, торгово-производственные компании', 'http://perfetti_van_melle.ru', NULL, '2020-10-01 16:16:30.0'),
(9, 'PIPEMAN', '7721879111', 'info@pipeman.ru', '4997355253', 'Краснодар', 'Услуги для бизнеса, сервисные и инжиниринговые компании', 'http://pipeman.ru', NULL, '2020-10-01 16:08:52.0'),
(25, 'PUMA', '7727959098', 'info@puma.ru', '4956921453', 'Москва', 'Ритейловые сети', 'http://puma.ru', NULL, '2020-10-01 16:10:20.0'),
(49, 'QIWI', '7721338781', 'info@qiwi.ru', '4954829411', 'Москва', 'IT и интернет', 'http://qiwi.ru', NULL, '2020-10-01 16:15:52.0'),
(28, 'R-Style Softlab (Эр-Стайл Софтлаб)', '7749062412', 'info@r-style_softlab_er-stayl_softlab.ru', '4957947055', 'Москва', 'IT и интернет', 'http://r-style_softlab_er-stayl_softlab.ru', NULL, '2020-10-01 16:10:22.0'),
(73, 'REHAU', '7725185382', 'info@rehau.ru', '8008103728', 'Москва', 'Производство, торгово-производственные компании', 'http://rehau.ru', NULL, '2020-10-01 16:17:42.0'),
(29, 'SBS Consulting', '7741166196', 'info@sbs_consulting.ru', '4958423780', 'Москва', 'Услуги для бизнеса, сервисные и инжиниринговые компании', 'http://sbs_consulting.ru', NULL, '2020-10-01 16:10:22.0'),
(46, 'Sever Minerals', '7759621668', 'info@sever_minerals.ru', '4992665119', 'Санкт-Петербург', 'Услуги для бизнеса, сервисные и инжиниринговые компании', 'http://sever_minerals.ru', NULL, '2020-10-01 16:15:50.0'),
(19, 'Solit Clouds', '7742995671', 'info@solit_clouds.ru', '4956396613', 'Москва', 'IT и интернет', 'http://solit_clouds.ru', NULL, '2020-10-01 16:10:04.0'),
(61, 'SPLAT Global', '7753825366', 'info@splat_global.ru', '8009908687', 'Москва', 'FMCG', 'http://splat_global.ru', NULL, '2020-10-01 16:16:27.0'),
(57, 'Valeo', '7749939514', 'info@valeo.ru', '4955013453', 'Тольятти', 'Производство, торгово-производственные компании', 'http://valeo.ru', NULL, '2020-10-01 16:16:10.0'),
(59, 'World Class', '7748915015', 'info@world_class.ru', '4968705418', 'Москва', 'Услуги для населения', 'http://world_class.ru', NULL, '2020-10-01 16:16:11.0'),
(51, 'Агентство недвижимости Жилфонд', '7723262291', 'info@agentstvo_nedvizhimosti_zhilfond.ru', '4996612035', 'Новосибирск', 'Строительство и недвижимость', 'http://agentstvo_nedvizhimosti_zhilfond.ru', NULL, '2020-10-01 16:15:54.0'),
(78, 'АО "Медицина" (клиника академика Ройтберга)', '7746923653', 'info@ao_medicina_klinika_akademika_roytberga.ru', '4963213942', 'Москва', 'Фармацевтика и медицина', 'http://ao_medicina_klinika_akademika_roytberga.ru', NULL, '2020-10-01 16:18:19.0'),
(43, 'АО "НПФ ГАЗФОНД пенсионные накопления"', '7744599323', 'info@ao__npf_gazfond_pensionnye_nakopleniya_.ru', '8005171775', 'Москва', 'Финансы и страхование', 'http://ao__npf_gazfond_pensionnye_nakopleniya_.ru', NULL, '2020-10-01 16:13:45.0'),
(3, 'Банк "Ренессанс Кредит"', '7749626165', 'info@bank__renessans_kredit_.ru', '8002884878', 'Москва', 'Банки', 'http://bank__renessans_kredit_.ru', NULL, '2020-10-01 16:08:46.0'),
(1, 'Банк ДОМ.РФ', '7758435386', 'info@bank_domrf.ru', '4994374477', 'Москва', 'Банки', 'http://bank_domrf.ru', NULL, '2020-10-01 16:08:44.0'),
(52, 'ГАУ "МФЦ РС(Я)"', '7719119030', 'info@gau_mfc_rsya.ru', '4967758787', 'Якутск', 'Услуги для населения', 'http://gau_mfc_rsya.ru', NULL, '2020-10-01 16:15:55.0'),
(6, 'ГАУ "МФЦ РС(Я)"', '7756843563', 'info@gau__mfc_rsya_.ru', '4951853635', 'Якутск', 'Услуги для населения', 'http://gau__mfc_rsya_.ru', NULL, '2020-10-01 16:08:49.0'),
(47, 'ГК "Магнат"', '7726863175', 'info@gk_magnat.ru', '4998075021', 'Екатеринбург', 'Оптовые продажи, дилеры, дистрибьюторы', 'http://gk_magnat.ru', NULL, '2020-10-01 16:15:51.0'),
(45, 'ГК ЛАНИТ', '7716372153', 'info@gk_lanit.ru', '4968941023', 'Москва', 'IT и интернет', 'http://gk_lanit.ru', NULL, '2020-10-01 16:15:49.0'),
(39, 'ГК Спектрум', '7721478881', 'info@gk_spektrum.ru', '4962809675', 'Москва', 'Строительство и недвижимость', 'http://gk_spektrum.ru', NULL, '2020-10-01 16:13:42.0'),
(63, 'ГК Эвентус', '7724192211', 'info@gk_eventus.ru', '4967527371', 'Санкт-Петербург', 'Оптовые продажи, дилеры, дистрибьюторы', 'http://gk_eventus.ru', NULL, '2020-10-01 16:16:29.0'),
(58, 'Госкорпорация «Росатом»', '7723427132', 'info@goskorporaciya_rosatom.ru', '8001021512', 'Москва', 'Энергетика, добыча и переработка сырья', 'http://goskorporaciya_rosatom.ru', NULL, '2020-10-01 16:16:10.0'),
(55, 'Группа ГАЗ', '7714785017', 'info@gruppa_gaz.ru', '4961928546', 'Нижний Новгород', 'Производство, торгово-производственные компании', 'http://gruppa_gaz.ru', NULL, '2020-10-01 16:16:08.0'),
(69, 'Династия. Клиника семейной стоматологии', '7744211439', 'info@dinastiya_klinika_semeynoy_stomatologii.ru', '8005426965', 'Рязань', 'Фармацевтика и медицина', 'http://dinastiya_klinika_semeynoy_stomatologii.ru', NULL, '2020-10-01 16:17:39.0'),
(81, 'ДОМ.РФ', '7758355638', 'info@domrf.ru', '4951054416', 'Москва', 'Строительство и недвижимость', 'http://domrf.ru', NULL, '2020-10-01 16:18:22.0'),
(4, 'Домотехника', '7726344182', 'info@domotehnika.ru', '4998489472', 'Владивосток', 'Ритейловые сети', 'http://domotehnika.ru', NULL, '2020-10-01 16:08:47.0'),
(18, 'ДОНСТРОЙ', '7721753863', 'info@donstroy.ru', '8007473499', 'Москва', 'Строительство и недвижимость', 'http://donstroy.ru', NULL, '2020-10-01 16:10:03.0'),
(36, 'Е-Промо', '7748748674', 'info@e-promo.ru', '4994764659', 'Нижний Новгород', 'Медиа, маркетинг, реклама, издательский бизнес', 'http://e-promo.ru', NULL, '2020-10-01 16:13:01.0'),
(26, 'Единый Расчетный Центр', '7717744777', 'info@edinyy_raschetnyy_centr.ru', '4993724785', 'Екатеринбург', 'Услуги для населения', 'http://edinyy_raschetnyy_centr.ru', NULL, '2020-10-01 16:10:20.0'),
(50, 'ЗАО "ФармФирма "Сотекс"', '7712918588', 'info@zao_farmfirma_soteks.ru', '4955871516', 'Москва', 'Фармацевтика и медицина', 'http://zao_farmfirma_soteks.ru', NULL, '2020-10-01 16:15:53.0'),
(31, 'Заповедник', '7749448960', 'info@zapovednik.ru', '4963277412', 'Екатеринбург', 'Ресторанные и развлекательные сети, гостиницы', 'http://zapovednik.ru', NULL, '2020-10-01 16:12:33.0'),
(82, 'Камский кабель', '7751114730', 'info@kamskiy_kabel.ru', '4993083773', 'Пермь', 'Производство, торгово-производственные компании', 'http://kamskiy_kabel.ru', NULL, '2020-10-01 16:18:23.0'),
(11, 'Коттон Клаб', '7723007078', 'info@kotton_klab.ru', '4954329796', 'Москва', 'FMCG', 'http://kotton_klab.ru', NULL, '2020-10-01 16:09:29.0'),
(53, 'Лаборатория Касперского', '7752608196', 'info@laboratoriya_kasperskogo.ru', '4968842046', 'Москва', 'IT и интернет', 'http://laboratoriya_kasperskogo.ru', NULL, '2020-10-01 16:15:56.0'),
(72, 'МАКСАВИТ', '7717451346', 'info@maksavit.ru', '4953783194', 'Нижний Новгород', 'Фармацевтика и медицина', 'http://maksavit.ru', NULL, '2020-10-01 16:17:42.0'),
(14, 'Медиа Инстинкт Групп', '7725045698', 'info@media_instinkt_grupp.ru', '8001038382', 'Москва', 'Медиа, маркетинг, реклама, издательский бизнес', 'http://media_instinkt_grupp.ru', NULL, '2020-10-01 16:10:00.0'),
(37, 'Международная школа программирования CODDY', '7727422851', 'info@mezhdunarodnaya_shkola_programmirovaniya_coddy.ru', '4993392179', 'Москва', 'Наука, образование и культура', 'http://mezhdunarodnaya_shkola_programmirovaniya_coddy.ru', NULL, '2020-10-01 16:13:02.0'),
(33, 'Московский метрополитен', '7748071757', 'info@moskovskiy_metropoliten.ru', '8003101299', 'Москва', 'Транспорт, логистика, автодилеры', 'http://moskovskiy_metropoliten.ru', NULL, '2020-10-01 16:12:34.0'),
(41, 'МТС Банк', '7748377798', 'info@mts_bank.ru', '8006523750', 'Москва', 'Банки', 'http://mts_bank.ru', NULL, '2020-10-01 16:13:44.0'),
(74, 'НИПИГАЗ', '7723826663', 'info@nipigaz.ru', '4966336283', 'Москва', 'Строительство и недвижимость', 'http://nipigaz.ru', NULL, '2020-10-01 16:18:16.0'),
(54, 'Норникель', '7757381072', 'info@nornikel.ru', '4994035348', 'Москва', 'Энергетика, добыча и переработка сырья', 'http://nornikel.ru', NULL, '2020-10-01 16:15:57.0'),
(79, 'ОАО "РЖД"', '7715416831', 'info@oao_rzhd.ru', '4969117885', 'Москва', 'Транспорт, логистика, автодилеры', 'http://oao_rzhd.ru', NULL, '2020-10-01 16:18:20.0'),
(27, 'ООО "ДИПО"', '7743835886', 'info@ooo__dipo_.ru', '4963364925', 'Тольятти', 'Производство, торгово-производственные компании', 'http://ooo__dipo_.ru', NULL, '2020-10-01 16:10:21.0'),
(24, 'ООО "МПК" Атяшевский"', '7756868497', 'info@ooo__mpk__atyashevskiy_.ru', '4964436164', 'Саранск', 'Пищевое производство, торгово-производственные компании', 'http://ooo__mpk__atyashevskiy_.ru', NULL, '2020-10-01 16:10:19.0'),
(80, 'ООО "Шахтинская керамика"', '7749392884', 'info@ooo_shahtinskaya_keramika.ru', '8008411090', 'Шахты', 'Производство, торгово-производственные компании', 'http://ooo_shahtinskaya_keramika.ru', NULL, '2020-10-01 16:18:21.0'),
(77, 'ООО "ЭнергоТехСервис"', '7746931572', 'info@ooo_energotehservis.ru', '4996661748', 'Тюмень', 'Энергетика, добыча и переработка сырья', 'http://ooo_energotehservis.ru', NULL, '2020-10-01 16:18:19.0'),
(35, 'ООО "Эскорт Сервис"', '7745304522', 'info@ooo__eskort_servis_.ru', '4994229690', 'Москва', 'Оптовые продажи, дилеры, дистрибьюторы', 'http://ooo__eskort_servis_.ru', NULL, '2020-10-01 16:12:36.0'),
(62, 'ООО «Парк-отель «Порто Маре»', '7724198981', 'info@ooo_park-otel_porto_mare.ru', '4997803096', 'Алушта', 'Ресторанные и развлекательные сети, гостиницы', 'http://ooo_park-otel_porto_mare.ru', NULL, '2020-10-01 16:16:28.0'),
(22, 'ООО Нейрософт', '7716682436', 'info@ooo_neyrosoft.ru', '4993976473', 'Иваново (Ивановская область)', 'Производство, торгово-производственные компании', 'http://ooo_neyrosoft.ru', NULL, '2020-10-01 16:10:06.0'),
(12, 'Оптимальная логистика', '7713422621', 'info@optimalnaya_logistika.ru', '4994673344', 'Москва', 'Транспорт, логистика, автодилеры', 'http://optimalnaya_logistika.ru', NULL, '2020-10-01 16:09:30.0'),
(20, 'ПАО "ТМК"', '7721229364', 'info@pao__tmk_.ru', '4957789954', 'Москва', 'Производство, торгово-производственные компании', 'http://pao__tmk_.ru', NULL, '2020-10-01 16:10:05.0'),
(67, 'ПАО «Мосэнерго»', '7712663712', 'info@pao_mosenergo.ru', '4951739834', 'Москва', 'Энергетика, добыча и переработка сырья', 'http://pao_mosenergo.ru', NULL, '2020-10-01 16:16:31.0'),
(13, 'ПАО Совкомбанк', '7718792846', 'info@pao_sovkombank.ru', '4995212722', 'Москва', 'Банки', 'http://pao_sovkombank.ru', NULL, '2020-10-01 16:09:31.0'),
(2, 'Пивоваренная компания "Балтика"', '7719383293', 'info@pivovarennaya_kompaniya__baltika_.ru', '4955107650', 'Санкт-Петербург', 'FMCG', 'http://pivovarennaya_kompaniya__baltika_.ru', NULL, '2020-10-01 16:08:45.0'),
(75, 'Прио-Внешторгбанк', '7728626334', 'info@prio-vneshtorgbank.ru', '4956831328', 'Рязань', 'Банки', 'http://prio-vneshtorgbank.ru', NULL, '2020-10-01 16:18:17.0'),
(10, 'ПроДокторов', '7716453142', 'info@prodoktorov.ru', '4996155528', 'Краснодар', 'IT и интернет', 'http://prodoktorov.ru', NULL, '2020-10-01 16:08:53.0'),
(38, 'Промсвязьбанк', '7715149778', 'info@promsvyazbank.ru', '4991779743', 'Москва', 'Банки', 'http://promsvyazbank.ru', NULL, '2020-10-01 16:13:02.0'),
(8, 'Ресторанный Холдинг Тигрус', '7741998183', 'info@restorannyy_holding_tigrus.ru', '4957355721', 'Москва', 'Ресторанные и развлекательные сети, гостиницы', 'http://restorannyy_holding_tigrus.ru', NULL, '2020-10-01 16:08:51.0'),
(68, 'Российский университет дружбы народов', '7749029982', 'info@rossiyskiy_universitet_druzhby_narodov.ru', '4965577376', 'Москва', 'Наука, образование и культура', 'http://rossiyskiy_universitet_druzhby_narodov.ru', NULL, '2020-10-01 16:17:07.0'),
(23, 'Сбербанк', '7713104525', 'info@sberbank.ru', '4961422213', 'Москва', 'Банки', 'http://sberbank.ru', NULL, '2020-10-01 16:10:07.0'),
(66, 'Северсталь', '7723717565', 'info@severstal.ru', '8005369767', 'Москва', 'Производство, торгово-производственные компании', 'http://severstal.ru', NULL, '2020-10-01 16:16:31.0'),
(21, 'Сеть магазинов "Подружка"', '7711798975', 'info@set_magazinov__podruzhka_.ru', '8003594476', 'Москва', 'Ритейловые сети', 'http://set_magazinov__podruzhka_.ru', NULL, '2020-10-01 16:10:05.0'),
(60, 'Страховая Компания "Согласие"', '7718973158', 'info@strahovaya_kompaniya_soglasie.ru', '4965994772', 'Москва', 'Финансы и страхование', 'http://strahovaya_kompaniya_soglasie.ru', NULL, '2020-10-01 16:16:27.0'),
(40, 'Студия Клондайк', '7711746258', 'info@studiya_klondayk.ru', '4996906953', 'Москва', 'Медиа, маркетинг, реклама, издательский бизнес', 'http://studiya_klondayk.ru', NULL, '2020-10-01 16:13:43.0'),
(71, 'ТПГК СОЮЗСНАБ', '7711271260', 'info@tpgk_soyuzsnab.ru', '4963197774', 'Красногорск', 'Пищевое производство, торгово-производственные компании', 'http://tpgk_soyuzsnab.ru', NULL, '2020-10-01 16:17:41.0'),
(16, 'ФосАгро', '7758874861', 'info@fosagro.ru', '8002677848', 'Череповец', 'Пищевое производство, торгово-производственные компании', 'http://fosagro.ru', NULL, '2020-10-01 16:10:02.0');

INSERT INTO vacancies (id, employer_id, vacancy, salary, city, required_expirience, occupation_type, schedule, description, contacts, created_at) VALUES
(1, 26, 'Автоэлектрик', 65000, 'Самара', '1-3 года', 'Полная', 'Удаленка', 'Плотник ищется для работы на платформе Пик.ПРО, График работы - 5/2, 6/1 и свободный график, Звоните! Звоните, собеседуем и оформляем удалённо за 24 часа! НАШИ СТРОЙКИ ОТКРЫТЫ, Мы предоставляем работу на одной из 32-х строек ГК "ПИК" в Москве или Московской области. Получайте задания через мобильное…', 'Армен, +7 9997843959', '2020-10-02 12:14:02.0'),
(2, 26, 'Начальник лаборатории (бюро) технико-экономических исследований', 60000, 'Красноярск', 'Без опыта', 'Полная', 'Полный день', 'Штукатур ищется для работы на платформе Пик.ПРО, График работы - 5/2, 6/1 и свободный график, Звоните! Звоните, собеседуем и оформляем удалённо за 24 часа! НАШИ СТРОЙКИ ОТКРЫТЫ, Мы предоставляем работу на одной из 32-х строек ГК "ПИК" в Москве или Московской области. Получайте задания через мобильное…', 'Густав, +7 9269731397', '2020-10-02 12:14:05.0'),
(3, 34, 'Маркировщик', 60000, 'Казань', '1-3 года', 'Стажировка', 'Полный день', 'Штукатур ищется для работы на платформе Пик.ПРО, График работы - 5/2, 6/1 и свободный график, Звоните! Звоните, собеседуем и оформляем удалённо за 24 часа! НАШИ СТРОЙКИ ОТКРЫТЫ, Мы предоставляем работу на одной из 32-х строек ГК "ПИК" в Москве или Московской области. Получайте задания через мобильное…', 'Никола, +7 9034669514', '2020-10-02 12:14:08.0'),
(4, 19, 'Директор по персоналу', 70000, 'Красноярск', '1 год', 'Полная', 'Полный день', 'Повар-кассир в Теремок, Условия работы: Заработная плата от 43 000 руб. Работа рядом с домом – трудоустраиваем с учётом места проживания! Бесплатное обучение, стипендия в размере - 14 400 руб. График работы на выбор: сменный - 3/3, вахта. Полная компенсация проживания в общежитии. Компенсация ЖКХ жителям…', 'Нана, +7 9158541276', '2020-10-02 12:14:11.0'),
(5, 4, 'Операционный директор розничной сети', 70000, 'Новгород', 'Без опыта', 'Полная', 'Удаленка', 'Приготовление первых блюд, горячих блюд, пасты. Четкое соблюдение технологических карт и санитарных норм. Требования: Наличие медицинской книжки, Мы рассматриваем кандидатов как с опытом, так и без опыта работы, Условия: Место работы: м. Площадь революции, График работы: 2/2, Своевременные выплаты 2…', 'Камиль, +7 9999973786', '2020-10-02 12:14:15.0'),
(6, 39, 'Горничная', 50000, 'Красноярск', '1 год', 'Полная', 'Удаленка', 'Повар-кассир в Теремок, Условия работы: Заработная плата от 43 000 руб. Работа рядом с домом – трудоустраиваем с учётом места проживания! Бесплатное обучение, стипендия в размере - 14 400 руб. График работы на выбор: сменный - 3/3, вахта. Полная компенсация проживания в общежитии. Компенсация ЖКХ жителям…', 'Райан, +7 9052136099', '2020-10-02 12:14:18.0'),
(7, 38, 'Начальник таможенной группы', 90000, 'Казань', '1-3 года', 'Полная', 'Удаленка', 'Повар-кассир в Теремок, Условия работы: Заработная плата от 43 000 руб. Работа рядом с домом – трудоустраиваем с учётом места проживания! Бесплатное обучение, стипендия в размере - 14 400 руб. График работы на выбор: сменный - 3/3, вахта. Полная компенсация проживания в общежитии. Компенсация ЖКХ жителям…', 'Ратмир, +7 9153286661', '2020-10-02 12:14:21.0'),
(8, 6, 'Шеф-повар', 100000, 'Воронеж', '1 год', 'Стажировка', 'Удаленка', 'Приготовление первых блюд, горячих блюд, пасты. Четкое соблюдение технологических карт и санитарных норм. Требования: Наличие медицинской книжки, Мы рассматриваем кандидатов как с опытом, так и без опыта работы, Условия: Место работы: м. Площадь революции, График работы: 2/2, Своевременные выплаты 2…', 'Устинья, +7 9055103036', '2020-10-02 12:14:24.0'),
(9, 5, 'Повар', 100000, 'Новгород', '1 год', 'Полная', 'Полный день', 'Подготовка к открытию / закрытию бара, качественное обслуживание гостей по стандартам сети, приготовление кофейных напитков, чая, коктейлей, помощь гостям в выборе блюд по меню, четкое исполнение поставленных руководством задач, поддержка чистоты и порядка в баре, расчет гостей, соблюдение кассовой…', 'Хаким, +7 9269519752', '2020-10-02 12:14:27.0'),
(10, 72, 'Машинист строительной техники', 55000, 'Новосибирск', '1 год', 'Стажировка', 'Удаленка', 'Плиточник ищется для работы на платформе Пик.ПРО, График работы - 5/2, 6/1 и свободный график, Звоните! Звоните, собеседуем и оформляем удалённо за 24 часа! НАШИ СТРОЙКИ ОТКРЫТЫ, Мы предоставляем работу на одной из 32-х строек ГК "ПИК" в Москве или Московской области. Получайте задания через мобильное…', 'Зиновий, +7 9059161555', '2020-10-02 12:14:30.0'),
(11, 25, 'Повар', 70000, 'Петербург', '3-6 лет', 'Полная', 'Полный день', 'Штукатур ищется для работы на платформе Пик.ПРО, График работы - 5/2, 6/1 и свободный график, Звоните! Звоните, собеседуем и оформляем удалённо за 24 часа! НАШИ СТРОЙКИ ОТКРЫТЫ, Мы предоставляем работу на одной из 32-х строек ГК "ПИК" в Москве или Московской области. Получайте задания через мобильное…', 'Итан, +7 9059101246', '2020-10-02 12:17:27.0'),
(12, 61, 'Специалист по дебиторской задолженности', 15000, 'Челябинск', '1 год', 'Полная', 'Удаленка', 'Плиточник ищется для работы на платформе Пик.ПРО, График работы - 5/2, 6/1 и свободный график, Звоните! Звоните, собеседуем и оформляем удалённо за 24 часа! НАШИ СТРОЙКИ ОТКРЫТЫ, Мы предоставляем работу на одной из 32-х строек ГК "ПИК" в Москве или Московской области. Получайте задания через мобильное…', 'Шакира, +7 9854156889', '2020-10-02 12:17:31.0'),
(13, 2, 'Заведующий хозяйством', 40000, 'Челябинск', '1 год', 'Полная', 'Полный день', 'Сандуновские бани старейшие и самые известные общественные Бани в мире! Банно-оздоровительный комплекс ведёт свою историю с 1808 года и является архитектурным достоянием города и визитной карточкой Москвы. «Кто в Сандунах не бывал, тот Москвы не видал», писал Гиляровский. Ценители Сандунов – это спортсмены…', 'Фируза, +7 9268871766', '2020-10-02 12:17:35.0'),
(14, 7, 'Механик', 15000, 'Волгоград', '1-3 года', 'Стажировка', 'Полный день', 'Плотник ищется для работы на платформе Пик.ПРО, График работы - 5/2, 6/1 и свободный график, Звоните! Звоните, собеседуем и оформляем удалённо за 24 часа! НАШИ СТРОЙКИ ОТКРЫТЫ, Мы предоставляем работу на одной из 32-х строек ГК "ПИК" в Москве или Московской области. Получайте задания через мобильное…', 'Офелия, +7 9857936326', '2020-10-02 12:17:39.0'),
(15, 43, 'Старший кассир', 90000, 'Уфа', '1-3 года', 'Стажировка', 'Удаленка', 'Срочно требуется повар сушист на доставку, Обязанности: Приготовление роллов,wok,сетов,заготовок, соусов, упаковка и выдача готовых блюд, Требования: Наличие полного пакета документов, Опыт работы от 1 года,умение разделывать рыбу,пунктуальность,соблюдение чистоты и порядка на рабочем месте, Условия:…', 'Лили, +7 9054125970', '2020-10-02 12:17:42.0'),
(16, 15, 'Начальник отдела кадров', 80000, 'Новгород', '1-3 года', 'Полная', 'Удаленка', 'Наличие документов, обязательность, Условия: обеспечение спецодеждой, график 5/2, зарплата без задержек,', 'Леся, +7 9034757230', '2020-10-02 12:17:45.0'),
(17, 14, 'Автослесарь', 20000, 'Екатеринбург', '1-3 года', 'Проектная', 'Полный день', 'Вакансия компании: ООО Проектно-производственно-строительная компания "АСКА" Строительная компания ООО ППСК «АСКА». За более чем девятилетний срок работы на строительном рынке нами было задумано и успешно реализовано множество проектов. Капитальное строительство, реконструкция, фасадные работы, кровельные…', 'Мария, +7 9034101710', '2020-10-02 12:17:48.0'),
(18, 12, 'Инженер', 70000, 'Краснодар', '1-3 года', 'Полная', 'Удаленка', 'Приготовление первых блюд, горячих блюд, пасты. Четкое соблюдение технологических карт и санитарных норм. Требования: Наличие медицинской книжки, Мы рассматриваем кандидатов как с опытом, так и без опыта работы, Условия: Место работы: м. Площадь революции, График работы: 2/2, Своевременные выплаты 2…', 'Назар, +7 9261991062', '2020-10-02 12:17:52.0'),
(19, 38, 'Повар', 115000, 'Новгород', '1 год', 'Полная', 'Полный день', 'Маляр ищется для работы на платформе Пик.ПРО, График работы - 5/2, 6/1 и свободный график, Звоните! Звоните, собеседуем и оформляем удалённо за 24 часа! НАШИ СТРОЙКИ ОТКРЫТЫ, Мы предоставляем работу на одной из 32-х строек ГК "ПИК" в Москве или Московской области. Получайте задания через мобильное приложение…', 'Клара, +7 9859601762', '2020-10-02 12:17:54.0'),
(20, 56, 'Заведующий фотолабораторией', 105000, 'Самара', 'Без опыта', 'Полная', 'Полный день', 'Продажа рекламных площадей в нефтегазовом журнале, Требования: высшее или неполное в/о образование, владение ПК, умение пользоваться интернетом, электронной почтой, общаться с людьми, Условия: Оформление по ТК РФ,', 'Агапит, +7 9851425983', '2020-10-02 12:17:58.0'),
(21, 37, 'Главный энергетик', 95000, 'Петербург', '1 год', 'Стажировка', 'Удаленка', 'Повар-кассир в Теремок, Условия работы: Заработная плата от 43 000 руб. Работа рядом с домом – трудоустраиваем с учётом места проживания! Бесплатное обучение, стипендия в размере - 14 400 руб. График работы на выбор: сменный - 3/3, вахта. Полная компенсация проживания в общежитии. Компенсация ЖКХ жителям…', 'Расим, +7 9035944932', '2020-10-02 12:18:01.0'),
(22, 54, 'Автослесарь', 75000, 'Пермь', '1-3 года', 'Полная', 'Полный день', 'Маляр ищется для работы на платформе Пик.ПРО, График работы - 5/2, 6/1 и свободный график, Звоните! Звоните, собеседуем и оформляем удалённо за 24 часа! НАШИ СТРОЙКИ ОТКРЫТЫ, Мы предоставляем работу на одной из 32-х строек ГК "ПИК" в Москве или Московской области. Получайте задания через мобильное приложение…', 'Агунда, +7 9854134523', '2020-10-02 12:18:04.0'),
(23, 35, 'Горничная', 70000, 'Омск', '1 год', 'Полная', 'Полный день', 'Маляр ищется для работы на платформе Пик.ПРО, График работы - 5/2, 6/1 и свободный график, Звоните! Звоните, собеседуем и оформляем удалённо за 24 часа! НАШИ СТРОЙКИ ОТКРЫТЫ, Мы предоставляем работу на одной из 32-х строек ГК "ПИК" в Москве или Московской области. Получайте задания через мобильное приложение…', 'Клара, +7 9154598730', '2020-10-02 12:18:07.0'),
(24, 4, 'Мастер', 95000, 'Казань', 'от 6 лет', 'Полная', 'Удаленка', 'Совсем недавно мы запустили новый сервис СБЕР экосистемы - СберУслуги! Мы ищем в свою команду Руководителя направления маркетинговых коммуникаций со стратегическим мышлением и высокой экспертизой в маркетинге, которого будет драйвить сам сервис и который сможет многосторонне подойти к развитию сервиса…', 'Оксана, +7 9266775271', '2020-10-02 12:18:09.0'),
(25, 63, 'Директор ресторана / кафе', 75000, 'Омск', 'Без опыта', 'Частичная', 'Удаленка', 'Продажа рекламных площадей в нефтегазовом журнале, Требования: высшее или неполное в/о образование, владение ПК, умение пользоваться интернетом, электронной почтой, общаться с людьми, Условия: Оформление по ТК РФ,', 'Ефим, +7 9993362497', '2020-10-02 12:18:12.0'),
(26, 61, 'Начальник отдела персонала', 80000, 'Екатеринбург', '1 год', 'Полная', 'Гибкий график', 'Плиточник ищется для работы на платформе Пик.ПРО, График работы - 5/2, 6/1 и свободный график, Звоните! Звоните, собеседуем и оформляем удалённо за 24 часа! НАШИ СТРОЙКИ ОТКРЫТЫ, Мы предоставляем работу на одной из 32-х строек ГК "ПИК" в Москве или Московской области. Получайте задания через мобильное…', 'Юлианна, +7 9157567386', '2020-10-02 12:18:15.0'),
(27, 6, 'Метрдотель', 50000, 'Екатеринбург', '1 год', 'Полная', 'Удаленка', 'Плотник ищется для работы на платформе Пик.ПРО, График работы - 5/2, 6/1 и свободный график, Звоните! Звоните, собеседуем и оформляем удалённо за 24 часа! НАШИ СТРОЙКИ ОТКРЫТЫ, Мы предоставляем работу на одной из 32-х строек ГК "ПИК" в Москве или Московской области. Получайте задания через мобильное…', 'Серафим, +7 9617407746', '2020-10-02 12:18:18.0'),
(28, 11, 'Начальник службы безопасности', 65000, 'Воронеж', '1-3 года', 'Полная', 'Гибкий график', 'Совсем недавно мы запустили новый сервис СБЕР экосистемы - СберУслуги! Мы ищем в свою команду Руководителя направления маркетинговых коммуникаций со стратегическим мышлением и высокой экспертизой в маркетинге, которого будет драйвить сам сервис и который сможет многосторонне подойти к развитию сервиса…', 'Хадия, +7 9611687793', '2020-10-02 12:18:22.0'),
(29, 19, 'Дизайнер', 30000, 'Пермь', 'Без опыта', 'Стажировка', 'Полный день', 'Повар-кассир в Теремок, Условия работы: Заработная плата от 43 000 руб. Работа рядом с домом – трудоустраиваем с учётом места проживания! Бесплатное обучение, стипендия в размере - 14 400 руб. График работы на выбор: сменный - 3/3, вахта. Полная компенсация проживания в общежитии. Компенсация ЖКХ жителям…', 'Радик, +7 9155198359', '2020-10-02 12:18:25.0'),
(30, 13, 'Водитель легкового автомобиля', 50000, 'Самара', '1-3 года', 'Полная', 'Полный день', 'Совсем недавно мы запустили новый сервис СБЕР экосистемы - СберУслуги! Мы ищем в свою команду Руководителя направления маркетинговых коммуникаций со стратегическим мышлением и высокой экспертизой в маркетинге, которого будет драйвить сам сервис и который сможет многосторонне подойти к развитию сервиса…', 'Хабиб, +7 9998612063', '2020-10-02 12:18:29.0'),
(31, 10, 'Кассир', 15000, 'Самара', '1-3 года', 'Полная', 'Полный день', 'Вакансия компании: ООО Проектно-производственно-строительная компания "АСКА" Строительная компания ООО ППСК «АСКА». За более чем девятилетний срок работы на строительном рынке нами было задумано и успешно реализовано множество проектов. Капитальное строительство, реконструкция, фасадные работы, кровельные…', 'Пётр, +7 9998546455', '2020-10-02 12:20:13.0'),
(32, 32, 'Менеджер по кадровому делопроизводству', 20000, 'Челябинск', '1-3 года', 'Полная', 'Полный день', 'Гипсокартонщик ищется для работы на платформе Пик.ПРО, График работы - 5/2, 6/1 и свободный график, Звоните! Звоните, собеседуем и оформляем удалённо за 24 часа! НАШИ СТРОЙКИ ОТКРЫТЫ, Мы предоставляем работу на одной из 32-х строек ГК "ПИК" в Москве или Московской области. Получайте задания через мобильное…', 'Майкл, +7 9053297324', '2020-10-02 12:20:17.0'),
(33, 32, 'Промоутер', 50000, 'Волгоград', '1-3 года', 'Полная', 'Полный день', 'Маляр ищется для работы на платформе Пик.ПРО, График работы - 5/2, 6/1 и свободный график, Звоните! Звоните, собеседуем и оформляем удалённо за 24 часа! НАШИ СТРОЙКИ ОТКРЫТЫ, Мы предоставляем работу на одной из 32-х строек ГК "ПИК" в Москве или Московской области. Получайте задания через мобильное приложение…', 'Родим, +7 9159528091', '2020-10-02 12:20:20.0'),
(34, 54, 'Гардеробщик', 90000, 'Казань', '1 год', 'Полная', 'Удаленка', 'Приготовление первых блюд, горячих блюд, пасты. Четкое соблюдение технологических карт и санитарных норм. Требования: Наличие медицинской книжки, Мы рассматриваем кандидатов как с опытом, так и без опыта работы, Условия: Место работы: м. Площадь революции, График работы: 2/2, Своевременные выплаты 2…', 'Юрий, +7 9152697046', '2020-10-02 12:20:23.0'),
(35, 18, 'Начальник участка', 80000, 'Екатеринбург', '1-3 года', 'Частичная', 'Полный день', 'Штукатур ищется для работы на платформе Пик.ПРО, График работы - 5/2, 6/1 и свободный график, Звоните! Звоните, собеседуем и оформляем удалённо за 24 часа! НАШИ СТРОЙКИ ОТКРЫТЫ, Мы предоставляем работу на одной из 32-х строек ГК "ПИК" в Москве или Московской области. Получайте задания через мобильное…', 'Чеслава, +7 9059088084', '2020-10-02 12:20:26.0'),
(36, 24, 'Кастелянша', 60000, 'Самара', '1 год', 'Полная', 'Полный день', 'Подготовка к открытию / закрытию бара, качественное обслуживание гостей по стандартам сети, приготовление кофейных напитков, чая, коктейлей, помощь гостям в выборе блюд по меню, четкое исполнение поставленных руководством задач, поддержка чистоты и порядка в баре, расчет гостей, соблюдение кассовой…', 'Татьяна, +7 9152124953', '2020-10-02 12:20:29.0'),
(37, 67, 'Начальник отдела закупок', 20000, 'Новгород', '1 год', 'Полная', 'Удаленка', 'Приготовление первых блюд, горячих блюд, пасты. Четкое соблюдение технологических карт и санитарных норм. Требования: Наличие медицинской книжки, Мы рассматриваем кандидатов как с опытом, так и без опыта работы, Условия: Место работы: м. Площадь революции, График работы: 2/2, Своевременные выплаты 2…', 'Айсун, +7 9261303140', '2020-10-02 12:20:32.0'),
(38, 41, 'Заведующий научно-технической библиотекой', 115000, 'Краснодар', '1 год', 'Полная', 'Полный день', 'Плиточник ищется для работы на платформе Пик.ПРО, График работы - 5/2, 6/1 и свободный график, Звоните! Звоните, собеседуем и оформляем удалённо за 24 часа! НАШИ СТРОЙКИ ОТКРЫТЫ, Мы предоставляем работу на одной из 32-х строек ГК "ПИК" в Москве или Московской области. Получайте задания через мобильное…', 'Илина, +7 9152487632', '2020-10-02 12:20:35.0'),
(39, 78, 'Менеджер по связям с инвесторами', 110000, 'Красноярск', '1-3 года', 'Частичная', 'Полный день', 'Сандуновские бани старейшие и самые известные общественные Бани в мире! Банно-оздоровительный комплекс ведёт свою историю с 1808 года и является архитектурным достоянием города и визитной карточкой Москвы. «Кто в Сандунах не бывал, тот Москвы не видал», писал Гиляровский. Ценители Сандунов – это спортсмены…', 'Рамон, +7 9267282764', '2020-10-02 12:20:38.0'),
(40, 19, 'Продавец-кассир', 115000, 'Челябинск', '1 год', 'Полная', 'Удаленка', 'Гипсокартонщик ищется для работы на платформе Пик.ПРО, График работы - 5/2, 6/1 и свободный график, Звоните! Звоните, собеседуем и оформляем удалённо за 24 часа! НАШИ СТРОЙКИ ОТКРЫТЫ, Мы предоставляем работу на одной из 32-х строек ГК "ПИК" в Москве или Московской области. Получайте задания через мобильное…', 'Сурен, +7 9992394918', '2020-10-02 12:20:41.0'),
(41, 57, 'Экономист по труду', 20000, 'Петербург', '1-3 года', 'Полная', 'Удаленка', 'Гипсокартонщик ищется для работы на платформе Пик.ПРО, График работы - 5/2, 6/1 и свободный график, Звоните! Звоните, собеседуем и оформляем удалённо за 24 часа! НАШИ СТРОЙКИ ОТКРЫТЫ, Получайте задания через мобильное приложение и работайте без посредников, Гарантируем еженедельные выплаты без задержек…', 'Адель, +7 9037813794', '2020-10-02 12:20:45.0'),
(42, 31, 'Офис-менеджер', 35000, 'Волгоград', 'от 6 лет', 'Полная', 'Удаленка', 'Плотник ищется для работы на платформе Пик.ПРО, График работы - 5/2, 6/1 и свободный график, Звоните! Звоните, собеседуем и оформляем удалённо за 24 часа! НАШИ СТРОЙКИ ОТКРЫТЫ, Мы предоставляем работу на одной из 32-х строек ГК "ПИК" в Москве или Московской области. Получайте задания через мобильное…', 'Фаина, +7 9157766065', '2020-10-02 12:20:48.0'),
(43, 69, 'Маркировщик', 110000, 'Пермь', '1-3 года', 'Частичная', 'Полный день', 'Срочно требуется повар сушист на доставку, Обязанности: Приготовление роллов,wok,сетов,заготовок, соусов, упаковка и выдача готовых блюд, Требования: Наличие полного пакета документов, Опыт работы от 1 года,умение разделывать рыбу,пунктуальность,соблюдение чистоты и порядка на рабочем месте, Условия:…', 'Тарас, +7 9151668787', '2020-10-02 12:20:51.0'),
(44, 12, 'Водитель автопогрузчика', 100000, 'Волгоград', '1-3 года', 'Частичная', 'Полный день', 'Срочно требуется повар сушист на доставку, Обязанности: Приготовление роллов,wok,сетов,заготовок, соусов, упаковка и выдача готовых блюд, Требования: Наличие полного пакета документов, Опыт работы от 1 года,умение разделывать рыбу,пунктуальность,соблюдение чистоты и порядка на рабочем месте, Условия:…', 'Зенон, +7 9034968724', '2020-10-02 12:20:54.0'),
(45, 21, 'Заместитель директора по коммерческим вопросам', 55000, 'Казань', '1-3 года', 'Частичная', 'Удаленка', 'Гипсокартонщик ищется для работы на платформе Пик.ПРО, График работы - 5/2, 6/1 и свободный график, Звоните! Звоните, собеседуем и оформляем удалённо за 24 часа! НАШИ СТРОЙКИ ОТКРЫТЫ, Мы предоставляем работу на одной из 32-х строек ГК "ПИК" в Москве или Московской области. Получайте задания через мобильное…', 'Ислам, +7 9155258812', '2020-10-02 12:20:57.0'),
(46, 2, 'Кондитер', 40000, 'Краснодар', '1-3 года', 'Полная', 'Полный день', 'Ламинатчик ищется для работы на платформе Пик.ПРО График работы - 5/2, 6/1 и свободный график, Звоните! Звоните, собеседуем и оформляем удалённо за 24 часа! НАШИ СТРОЙКИ ОТКРЫТЫ, Мы предоставляем работу на одной из 32-х строек ГК "ПИК" в Москве или Московской области. Получайте задания через мобильное…', 'Генрих, +7 9614458445', '2020-10-02 12:21:00.0'),
(47, 67, 'Заведующий жилым корпусом пансионата (гостиницы)', 110000, 'Уфа', 'Без опыта', 'Полная', 'Сменный график', 'Мойка столовой посуды ( есть посудомоечная машина) уборка помещений (зал) Требования: чистоплотность, мед.книжка, Условия: бесплатное питание, график 5/2 с 8.00 до 18.00, возможно проживание,', 'Вера, +7 9616138875', '2020-10-02 12:21:04.0'),
(48, 26, 'Рабочий пищевого производства', 40000, 'Красноярск', '1 год', 'Частичная', 'Полный день', 'Гипсокартонщик ищется для работы на платформе Пик.ПРО, График работы - 5/2, 6/1 и свободный график, Звоните! Звоните, собеседуем и оформляем удалённо за 24 часа! НАШИ СТРОЙКИ ОТКРЫТЫ, Получайте задания через мобильное приложение и работайте без посредников, Гарантируем еженедельные выплаты без задержек…', 'Самат, +7 9264226272', '2020-10-02 12:21:06.0'),
(49, 31, 'Экономист по труду', 70000, 'Воронеж', 'от 6 лет', 'Стажировка', 'Удаленка', 'Мойка столовой посуды ( есть посудомоечная машина) уборка помещений (зал) Требования: чистоплотность, мед.книжка, Условия: бесплатное питание, график 5/2 с 8.00 до 18.00, возможно проживание,', 'Августа, +7 9157622542', '2020-10-02 12:21:10.0'),
(50, 63, 'Специалист по стандартизации', 115000, 'Екатеринбург', '1 год', 'Полная', 'Удаленка', 'Мойка столовой посуды ( есть посудомоечная машина) уборка помещений (зал) Требования: чистоплотность, мед.книжка, Условия: бесплатное питание, график 5/2 с 8.00 до 18.00, возможно проживание,', 'Мэтью, +7 9858825614', '2020-10-02 12:21:13.0'),
(51, 15, 'Менеджер по маркетингу', 110000, 'Омск', '1 год', 'Полная', 'Удаленка', 'Сандуновские бани старейшие и самые известные общественные Бани в мире! Банно-оздоровительный комплекс ведёт свою историю с 1808 года и является архитектурным достоянием города и визитной карточкой Москвы. «Кто в Сандунах не бывал, тот Москвы не видал», писал Гиляровский. Ценители Сандунов – это спортсмены…', 'Рената, +7 9034125359', '2020-10-02 12:21:16.0'),
(52, 81, 'Директор по маркетингу', 80000, 'Воронеж', '1 год', 'Полная', 'Гибкий график', 'Приглашаем на работу на должность Курьер, Обязанности: Развозить документы по г. Москве, Условия: График 5/2, с 9:00 – 18:00, З/П в среднем от 20 - 27 т.р. Зарплата выплачивается 2 раза в месяц. Проезд и мобильная связь оплачивается в полном размере. Собеседование проводиться с 10.00 до 17.00 с понедельника по пятницу.', 'Клим, +7 9995008252', '2020-10-02 12:47:53.0'),
(53, 8, 'Контролер в торговом зале', 35000, 'Волгоград', '1 год', 'Полная', 'Удаленка', 'Приготовление первых блюд, горячих блюд, пасты. Четкое соблюдение технологических карт и санитарных норм. Требования: Наличие медицинской книжки, Мы рассматриваем кандидатов как с опытом, так и без опыта работы, Условия: Место работы: м. Площадь революции, График работы: 2/2, Своевременные выплаты 2…', 'Дарий, +7 9153452520', '2020-10-02 12:47:55.0'),
(54, 52, 'Геодезист', 55000, 'Казань', '1-3 года', 'Полная', 'Полный день', 'Обслуживание покупателей на кассе (кассир) работа с ККМ, помощь и консультация покупателей, Требования: внимательность, аккуратность, ответственность, обязательность, вежливость, умение хорошо выглядеть, Условия: оформление в соответствии с нормами ТК РФ, обучение, "белая" заработная плата, ежемесячные…', 'Наиль, +7 9992654535', '2020-10-02 12:47:59.0'),
(55, 43, 'Финансовый менеджер', 105000, 'Уфа', '1 год', 'Проектная', 'Полный день', 'Гипсокартонщик ищется для работы на платформе Пик.ПРО, График работы - 5/2, 6/1 и свободный график, Звоните! Звоните, собеседуем и оформляем удалённо за 24 часа! НАШИ СТРОЙКИ ОТКРЫТЫ, Мы предоставляем работу на одной из 32-х строек ГК "ПИК" в Москве или Московской области. Получайте задания через мобильное…', 'Риана, +7 9614288033', '2020-10-02 12:48:02.0'),
(56, 43, 'Торговый представитель', 35000, 'Новгород', '1 год', 'Полная', 'Гибкий график', 'Сандуновские бани старейшие и самые известные общественные Бани в мире! Банно-оздоровительный комплекс ведёт свою историю с 1808 года и является архитектурным достоянием города и визитной карточкой Москвы. «Кто в Сандунах не бывал, тот Москвы не видал», писал Гиляровский. Ценители Сандунов – это спортсмены…', 'Заур, +7 9268604263', '2020-10-02 12:48:05.0'),
(57, 57, 'Экспедитор', 50000, 'Пермь', 'Без опыта', 'Частичная', 'Сменный график', 'Подготовка к открытию / закрытию бара, качественное обслуживание гостей по стандартам сети, приготовление кофейных напитков, чая, коктейлей, помощь гостям в выборе блюд по меню, четкое исполнение поставленных руководством задач, поддержка чистоты и порядка в баре, расчет гостей, соблюдение кассовой…', 'Трофим, +7 9998033215', '2020-10-02 12:48:09.0'),
(58, 72, 'Кассир-операционист', 30000, 'Новосибирск', '1 год', 'Полная', 'Удаленка', 'Мойка столовой посуды ( есть посудомоечная машина) уборка помещений (зал) Требования: чистоплотность, мед.книжка, Условия: бесплатное питание, график 5/2 с 8.00 до 18.00, возможно проживание,', 'Дмитрий, +7 9261665090', '2020-10-02 12:48:12.0'),
(59, 50, 'Портной', 50000, 'Петербург', '1-3 года', 'Проектная', 'Полный день', 'Плиточник ищется для работы на платформе Пик.ПРО, График работы - 5/2, 6/1 и свободный график, Звоните! Звоните, собеседуем и оформляем удалённо за 24 часа! НАШИ СТРОЙКИ ОТКРЫТЫ, Мы предоставляем работу на одной из 32-х строек ГК "ПИК" в Москве или Московской области. Получайте задания через мобильное…', 'Самат, +7 9858501871', '2020-10-02 12:48:15.0'),
(60, 31, 'Приемосдатчик', 110000, 'Волгоград', '1 год', 'Частичная', 'Удаленка', 'Подготовка к открытию / закрытию бара, качественное обслуживание гостей по стандартам сети, приготовление кофейных напитков, чая, коктейлей, помощь гостям в выборе блюд по меню, четкое исполнение поставленных руководством задач, поддержка чистоты и порядка в баре, расчет гостей, соблюдение кассовой…', 'Кузьма, +7 9266397618', '2020-10-02 12:48:18.0'),
(61, 49, 'Начальник автотранспортного отдела', 110000, 'Казань', 'Без опыта', 'Стажировка', 'Полный день', 'Продажа рекламных площадей в нефтегазовом журнале, Требования: высшее или неполное в/о образование, владение ПК, умение пользоваться интернетом, электронной почтой, общаться с людьми, Условия: Оформление по ТК РФ,', 'Наталья, +7 9619287681', '2020-10-02 12:48:21.0'),
(62, 49, 'Заведующий хозяйством', 50000, 'Челябинск', '1-3 года', 'Полная', 'Гибкий график', 'Повар-кассир в Теремок, Условия работы: Заработная плата от 43 000 руб. Работа рядом с домом – трудоустраиваем с учётом места проживания! Бесплатное обучение, стипендия в размере - 14 400 руб. График работы на выбор: сменный - 3/3, вахта. Полная компенсация проживания в общежитии. Компенсация ЖКХ жителям…', 'Влад, +7 9858647516', '2020-10-02 12:48:24.0'),
(63, 73, 'Менеджер по рекламе', 30000, 'Новосибирск', '1 год', 'Полная', 'Удаленка', 'Ламинатчик ищется для работы на платформе Пик.ПРО График работы - 5/2, 6/1 и свободный график, Звоните! Звоните, собеседуем и оформляем удалённо за 24 часа! НАШИ СТРОЙКИ ОТКРЫТЫ, Мы предоставляем работу на одной из 32-х строек ГК "ПИК" в Москве или Московской области. Получайте задания через мобильное…', 'Варвара, +7 9262438328', '2020-10-02 12:48:28.0'),
(64, 14, 'Секретарь генерального директора', 60000, 'Новгород', '3-6 лет', 'Полная', 'Удаленка', 'Подготовка к открытию / закрытию бара, качественное обслуживание гостей по стандартам сети, приготовление кофейных напитков, чая, коктейлей, помощь гостям в выборе блюд по меню, четкое исполнение поставленных руководством задач, поддержка чистоты и порядка в баре, расчет гостей, соблюдение кассовой…', 'Азиз, +7 9056051327', '2020-10-02 12:48:30.0'),
(65, 8, 'Директор магазина', 35000, 'Казань', '1 год', 'Полная', 'Гибкий график', 'Приглашаем на работу на должность Курьер, Обязанности: Развозить документы по г. Москве, Условия: График 5/2, с 9:00 – 18:00, З/П в среднем от 20 - 27 т.р. Зарплата выплачивается 2 раза в месяц. Проезд и мобильная связь оплачивается в полном размере. Собеседование проводиться с 10.00 до 17.00 с понедельника по пятницу.', 'Микула, +7 9851777943', '2020-10-02 12:48:34.0'),
(66, 22, 'Директор по связям с инвесторами', 60000, 'Новосибирск', '1 год', 'Проектная', 'Полный день', 'Вахта в Москве с бесплатным проживанием от прямого работодателя. В крупный производственно-складской комплекс требуются сотрудники мужчины и женщины, а так же семейные пары для работы вахтой на производственном участке, Мы предлагаем: График работы 6/1 или 7/0, дневные и ночные смены на выбор, Стабильные…', 'Рина, +7 9267175173', '2020-10-02 12:49:28.0'),
(67, 35, 'Официант', 60000, 'Челябинск', '1 год', 'Частичная', 'Удаленка', 'Гипсокартонщик ищется для работы на платформе Пик.ПРО, График работы - 5/2, 6/1 и свободный график, Звоните! Звоните, собеседуем и оформляем удалённо за 24 часа! НАШИ СТРОЙКИ ОТКРЫТЫ, Мы предоставляем работу на одной из 32-х строек ГК "ПИК" в Москве или Московской области. Получайте задания через мобильное…', 'Рената, +7 9615024396', '2020-10-02 12:49:33.0'),
(68, 19, 'Автоэлектрик', 15000, 'Екатеринбург', '1 год', 'Частичная', 'Полный день', 'Работа вахтой в Москве с бесплатным проживанием от прямого работодателя. В крупный производственно-складской комплекс требуются сотрудники мужчины и женщины, а так же семейные пары для работы вахтой на складе класса А, Мы предлагаем: Еженедельные авансы (можно взять повышенный аванс) Дружный коллектив…', 'Нелли, +7 9997355542', '2020-10-02 12:49:37.0'),
(69, 51, 'Заведующий хозяйством', 40000, 'Волгоград', '1-3 года', 'Полная', 'Гибкий график', 'Гипсокартонщик ищется для работы на платформе Пик.ПРО, График работы - 5/2, 6/1 и свободный график, Звоните! Звоните, собеседуем и оформляем удалённо за 24 часа! НАШИ СТРОЙКИ ОТКРЫТЫ, Получайте задания через мобильное приложение и работайте без посредников, Гарантируем еженедельные выплаты без задержек…', 'Камиль, +7 9998163431', '2020-10-02 12:49:40.0'),
(70, 49, 'Дворник', 40000, 'Новгород', '1-3 года', 'Частичная', 'Полный день', 'Гипсокартонщик ищется для работы на платформе Пик.ПРО, График работы - 5/2, 6/1 и свободный график, Звоните! Звоните, собеседуем и оформляем удалённо за 24 часа! НАШИ СТРОЙКИ ОТКРЫТЫ, Мы предоставляем работу на одной из 32-х строек ГК "ПИК" в Москве или Московской области. Получайте задания через мобильное…', 'Ильзира, +7 9997741744', '2020-10-02 12:49:44.0'),
(71, 58, 'Маркировщик', 60000, 'Краснодар', '1 год', 'Полная', 'Удаленка', 'Штукатур ищется для работы на платформе Пик.ПРО, График работы - 5/2, 6/1 и свободный график, Звоните! Звоните, собеседуем и оформляем удалённо за 24 часа! НАШИ СТРОЙКИ ОТКРЫТЫ, Мы предоставляем работу на одной из 32-х строек ГК "ПИК" в Москве или Московской области. Получайте задания через мобильное…', 'Тихон, +7 9851399631', '2020-10-02 12:49:47.0'),
(72, 81, 'Контролер качества', 95000, 'Волгоград', '1 год', 'Полная', 'Полный день', 'Каменщик ищется для работы на платформе Пик.ПРО, График работы - 5/2, 6/1 и свободный график, Звоните! Звоните, собеседуем и оформляем удалённо за 24 часа! НАШИ СТРОЙКИ ОТКРЫТЫ, Платформа ПИК.ПРО работает на объектах ГК ПИК. Власти Москвы разрешили строительным компаниям работать с 12 мая. С нами вы…', 'Сафия, +7 9614825534', '2020-10-02 12:49:50.0'),
(73, 46, 'Кастелянша', 30000, 'Новосибирск', '1-3 года', 'Частичная', 'Полный день', 'Мойка и чистка оборудования, Уборка помещения, Требования: Опыт работы не требуется, обучаем всему в процессе работы, Будем рады студентам, выпускникам учебных заведений, начинающим специалистам, Грамотная речь, Условия: Работа в крупной федеральной компании, Есть вакансии во всех районах Москвы и ближнего…', 'Артём, +7 9059787978', '2020-10-02 12:49:54.0'),
(74, 46, 'Носильщик', 95000, 'Самара', '1 год', 'Полная', 'Полный день', 'Гипсокартонщик ищется для работы на платформе Пик.ПРО, График работы - 5/2, 6/1 и свободный график, Звоните! Звоните, собеседуем и оформляем удалённо за 24 часа! НАШИ СТРОЙКИ ОТКРЫТЫ, Мы предоставляем работу на одной из 32-х строек ГК "ПИК" в Москве или Московской области. Получайте задания через мобильное…', 'Динара, +7 9156587360', '2020-10-02 12:49:57.0'),
(75, 10, 'Начальник автоколонны', 20000, 'Челябинск', '1 год', 'Полная', 'Удаленка', 'Маляр ищется для работы на платформе Пик.ПРО, График работы - 5/2, 6/1 и свободный график, Звоните! Звоните, собеседуем и оформляем удалённо за 24 часа! НАШИ СТРОЙКИ ОТКРЫТЫ, Мы предоставляем работу на одной из 32-х строек ГК "ПИК" в Москве или Московской области. Получайте задания через мобильное приложение…', 'Эркюль, +7 9856964182', '2020-10-02 12:50:00.0'),
(76, 39, 'Экспедитор', 60000, 'Пермь', '1-3 года', 'Полная', 'Удаленка', 'Штукатур ищется для работы на платформе Пик.ПРО, График работы - 5/2, 6/1 и свободный график, Звоните! Звоните, собеседуем и оформляем удалённо за 24 часа! НАШИ СТРОЙКИ ОТКРЫТЫ, Мы предоставляем работу на одной из 32-х строек ГК "ПИК" в Москве или Московской области. Получайте задания через мобильное…', 'Юлия, +7 9263751529', '2020-10-02 12:51:12.0'),
(77, 9, 'Прораб', 30000, 'Красноярск', '1-3 года', 'Частичная', 'Полный день', 'Приглашаем на работу на должность Курьер, Обязанности: Развозить документы по г. Москве, Условия: График 5/2, с 9:00 – 18:00, З/П в среднем от 20 - 27 т.р. Зарплата выплачивается 2 раза в месяц. Проезд и мобильная связь оплачивается в полном размере. Собеседование проводиться с 10.00 до 17.00 с понедельника по пятницу.', 'Ратмир, +7 9993039430', '2020-10-02 12:51:16.0'),
(78, 7, 'Портье', 80000, 'Самара', '1 год', 'Полная', 'Гибкий график', 'Электрик ищется для работы на платформе Пик.ПРО, График работы - 5/2, 6/1 и свободный график, Звоните! Звоните, собеседуем и оформляем удалённо за 24 часа! НАШИ СТРОЙКИ ОТКРЫТЫ, Платформа ПИК.ПРО работает на объектах ГК ПИК. Власти Москвы разрешили строительным компаниям работать с 12 мая. С нами вы…', 'Цветана, +7 9995088492', '2020-10-02 12:51:19.0'),
(79, 17, 'Менеджер по закупкам', 95000, 'Волгоград', '1 год', 'Полная', 'Полный день', 'Маляр ищется для работы на платформе Пик.ПРО, График работы - 5/2, 6/1 и свободный график, Звоните! Звоните, собеседуем и оформляем удалённо за 24 часа! НАШИ СТРОЙКИ ОТКРЫТЫ, Мы предоставляем работу на одной из 32-х строек ГК "ПИК" в Москве или Московской области. Получайте задания через мобильное приложение…', 'Саломея, +7 9263168397', '2020-10-02 12:51:22.0'),
(80, 61, 'Монтажник', 75000, 'Новгород', '1 год', 'Полная', 'Гибкий график', 'Гипсокартонщик ищется для работы на платформе Пик.ПРО, График работы - 5/2, 6/1 и свободный график, Звоните! Звоните, собеседуем и оформляем удалённо за 24 часа! НАШИ СТРОЙКИ ОТКРЫТЫ, Мы предоставляем работу на одной из 32-х строек ГК "ПИК" в Москве или Московской области. Получайте задания через мобильное…', 'Милада, +7 9999194335', '2020-10-02 12:51:26.0'),
(81, 9, 'Лаборант', 45000, 'Новосибирск', '1-3 года', 'Полная', 'Полный день', 'Приготовление первых блюд, горячих блюд, пасты. Четкое соблюдение технологических карт и санитарных норм. Требования: Наличие медицинской книжки, Мы рассматриваем кандидатов как с опытом, так и без опыта работы, Условия: Место работы: м. Площадь революции, График работы: 2/2, Своевременные выплаты 2…', 'Гульшат, +7 9156841228', '2020-10-02 12:51:29.0'),
(82, 76, 'Специалист по ВЭД', 105000, 'Краснодар', '1-3 года', 'Полная', 'Удаленка', 'Штукатур ищется для работы на платформе Пик.ПРО, График работы - 5/2, 6/1 и свободный график, Звоните! Звоните, собеседуем и оформляем удалённо за 24 часа! НАШИ СТРОЙКИ ОТКРЫТЫ, Мы предоставляем работу на одной из 32-х строек ГК "ПИК" в Москве или Московской области. Получайте задания через мобильное…', 'Гаянэ, +7 9151829086', '2020-10-02 12:51:32.0'),
(83, 60, 'Менеджер проекта', 40000, 'Пермь', '1 год', 'Стажировка', 'Полный день', 'Повар-кассир в Теремок, Условия работы: Заработная плата от 43 000 руб. Работа рядом с домом – трудоустраиваем с учётом места проживания! Бесплатное обучение, стипендия в размере - 14 400 руб. График работы на выбор: сменный - 3/3, вахта. Полная компенсация проживания в общежитии. Компенсация ЖКХ жителям…', 'Расим, +7 9261772573', '2020-10-02 12:51:36.0'),
(84, 50, 'Главный технолог', 30000, 'Новосибирск', '1 год', 'Полная', 'Гибкий график', 'Плиточник ищется для работы на платформе Пик.ПРО, График работы - 5/2, 6/1 и свободный график, Звоните! Звоните, собеседуем и оформляем удалённо за 24 часа! НАШИ СТРОЙКИ ОТКРЫТЫ, Мы предоставляем работу на одной из 32-х строек ГК "ПИК" в Москве или Московской области. Получайте задания через мобильное…', 'Ляля, +7 9857178989', '2020-10-02 12:51:39.0'),
(85, 28, 'Директор по связям с инвесторами', 60000, 'Казань', '1 год', 'Частичная', 'Удаленка', 'Гипсокартонщик ищется для работы на платформе Пик.ПРО, График работы - 5/2, 6/1 и свободный график, Звоните! Звоните, собеседуем и оформляем удалённо за 24 часа! НАШИ СТРОЙКИ ОТКРЫТЫ, Мы предоставляем работу на одной из 32-х строек ГК "ПИК" в Москве или Московской области. Получайте задания через мобильное…', 'Зара, +7 9053977073', '2020-10-02 12:51:43.0'),
(86, 14, 'Слесарь', 20000, 'Петербург', '1 год', 'Полная', 'Сменный график', 'Гипсокартонщик ищется для работы на платформе Пик.ПРО, График работы - 5/2, 6/1 и свободный график, Звоните! Звоните, собеседуем и оформляем удалённо за 24 часа! НАШИ СТРОЙКИ ОТКРЫТЫ, Мы предоставляем работу на одной из 32-х строек ГК "ПИК" в Москве или Московской области. Получайте задания через мобильное…', 'Людвиг, +7 9614686268', '2020-10-02 12:52:04.0'),
(87, 15, 'Бармен-кассир', 80000, 'Красноярск', '1-3 года', 'Полная', 'Удаленка', 'Мойка и чистка оборудования, Уборка помещения, Требования: Опыт работы не требуется, обучаем всему в процессе работы, Будем рады студентам, выпускникам учебных заведений, начинающим специалистам, Грамотная речь, Условия: Работа в крупной федеральной компании, Есть вакансии во всех районах Москвы и ближнего…', 'Генри, +7 9159773433', '2020-10-02 12:52:19.0'),
(88, 26, 'Шеф-повар', 55000, 'Новосибирск', '1 год', 'Частичная', 'Полный день', 'Продажа рекламных площадей в нефтегазовом журнале, Требования: высшее или неполное в/о образование, владение ПК, умение пользоваться интернетом, электронной почтой, общаться с людьми, Условия: Оформление по ТК РФ,', 'Карл, +7 9851963571', '2020-10-02 12:52:22.0'),
(89, 50, 'Начальник склада', 90000, 'Новгород', '1 год', 'Частичная', 'Полный день', 'Обслуживание покупателей на кассе (кассир) работа с ККМ, помощь и консультация покупателей, Требования: внимательность, аккуратность, ответственность, обязательность, вежливость, умение хорошо выглядеть, Условия: оформление в соответствии с нормами ТК РФ, обучение, "белая" заработная плата, ежемесячные…', 'Сергей, +7 9033086467', '2020-10-02 12:52:25.0'),
(90, 59, 'Начальник отдела персонала', 80000, 'Казань', '1-3 года', 'Полная', 'Полный день', 'Каменщик ищется для работы на платформе Пик.ПРО, График работы - 5/2, 6/1 и свободный график, Звоните! Звоните, собеседуем и оформляем удалённо за 24 часа! НАШИ СТРОЙКИ ОТКРЫТЫ, Платформа ПИК.ПРО работает на объектах ГК ПИК. Власти Москвы разрешили строительным компаниям работать с 12 мая. С нами вы…', 'Аида, +7 9855584379', '2020-10-02 12:52:29.0'),
(91, 57, 'Директор по логистике', 35000, 'Новосибирск', '1-3 года', 'Полная', 'Полный день', 'Выполнение подсобных и вспомогательных работ на производстве, упаковка изделий из нержавеющей стали, осуществление погрузки, выгрузки. Требования: Опыт работы приветствуется. Ответственность, дисциплинированность, трудолюбие, умение упаковывать товар в зависимости от его качеств, условий эксплуатации…', 'Самат, +7 9152145629', '2020-10-02 12:52:32.0'),
(92, 54, 'Верстальщик', 45000, 'Омск', '1-3 года', 'Стажировка', 'Гибкий график', 'Мойка столовой посуды ( есть посудомоечная машина) уборка помещений (зал) Требования: чистоплотность, мед.книжка, Условия: бесплатное питание, график 5/2 с 8.00 до 18.00, возможно проживание,', 'Ярослав, +7 9261115528', '2020-10-02 12:52:36.0'),
(93, 71, 'Кассир-операционист', 25000, 'Красноярск', '1 год', 'Полная', 'Полный день', 'Продажа рекламных площадей в нефтегазовом журнале, Требования: высшее или неполное в/о образование, владение ПК, умение пользоваться интернетом, электронной почтой, общаться с людьми, Условия: Оформление по ТК РФ,', 'Перизат, +7 9994838828', '2020-10-02 12:52:40.0'),
(94, 10, 'Заместитель директора по капитальному строительству', 40000, 'Екатеринбург', '1-3 года', 'Полная', 'Удаленка', 'Гипсокартонщик ищется для работы на платформе Пик.ПРО, График работы - 5/2, 6/1 и свободный график, Звоните! Звоните, собеседуем и оформляем удалённо за 24 часа! НАШИ СТРОЙКИ ОТКРЫТЫ, Получайте задания через мобильное приложение и работайте без посредников, Гарантируем еженедельные выплаты без задержек…', 'Искра, +7 9262552924', '2020-10-02 12:52:44.0'),
(95, 13, 'Рабочий непищевого производства', 85000, 'Уфа', '1 год', 'Полная', 'Удаленка', 'Каменщик ищется для работы на платформе Пик.ПРО, График работы - 5/2, 6/1 и свободный график, Звоните! Звоните, собеседуем и оформляем удалённо за 24 часа! НАШИ СТРОЙКИ ОТКРЫТЫ, Платформа ПИК.ПРО работает на объектах ГК ПИК. Власти Москвы разрешили строительным компаниям работать с 12 мая. С нами вы…', 'Дженна, +7 9261494172', '2020-10-02 12:52:48.0'),
(96, 25, 'Начальник гаража', 65000, 'Уфа', '1-3 года', 'Полная', 'Полный день', 'Маляр ищется для работы на платформе Пик.ПРО, График работы - 5/2, 6/1 и свободный график, Звоните! Звоните, собеседуем и оформляем удалённо за 24 часа! НАШИ СТРОЙКИ ОТКРЫТЫ, Мы предоставляем работу на одной из 32-х строек ГК "ПИК" в Москве или Московской области. Получайте задания через мобильное приложение…', 'Тагир, +7 9612564684', '2020-10-02 12:52:52.0'),
(97, 68, 'Менеджер по связям с общественностью', 50000, 'Москва', '1-3 года', 'Полная', 'Удаленка', 'Приготовление первых блюд, горячих блюд, пасты. Четкое соблюдение технологических карт и санитарных норм. Требования: Наличие медицинской книжки, Мы рассматриваем кандидатов как с опытом, так и без опыта работы, Условия: Место работы: м. Площадь революции, График работы: 2/2, Своевременные выплаты 2…', 'Ульяна, +7 9855049538', '2020-10-02 15:37:29.0'),
(98, 10, 'Начальник отдела продаж', 90000, 'Москва', '1 год', 'Полная', 'Сменный график', 'Развозить документы по г. Москве, Условия: Проезд оплачивается сразу, График 5/2, с 9:00 – 18:00, Зарплата выплачивается 2 раза в месяц. Проезд и мобильная связь оплачивается в полном размере. Собеседование проводиться с 10.00 до 17.00 с понедельника по пятницу.', 'Еремей, +7 9852765760', '2020-10-02 15:37:32.0'),
(99, 16, 'Начальник юридического отдела', 55000, 'Москва', 'Без опыта', 'Полная', 'Полный день', 'Развозить документы по г. Москве, Условия: Проезд оплачивается сразу, График 5/2, с 9:00 – 18:00, Зарплата выплачивается 2 раза в месяц. Проезд и мобильная связь оплачивается в полном размере. Собеседование проводиться с 10.00 до 17.00 с понедельника по пятницу.', 'Фазиль, +7 9612139613', '2020-10-02 15:37:35.0'),
(100, 76, 'Контролер (охранник)', 40000, 'Москва', '1-3 года', 'Проектная', 'Полный день', 'В компанию "СанетехЭлектроСтрой" требуется Газоэлектросварщик-сантехник. Условия: Работа в Москве и Московской области. Зарплата: от 50 000 руб. График работы: полный рабочий день. Проживание предоставляется. Оформление по ТК РФ, соц.пакет. Требования: Опыт работы от года,', 'Сажида, +7 9997471113', '2020-10-02 15:37:38.0'),
(101, 50, 'Промоутер', 45000, 'Москва', '1 год', 'Полная', 'Полный день', 'Подготовка к открытию / закрытию бара, качественное обслуживание гостей по стандартам сети, приготовление кофейных напитков, чая, коктейлей, помощь гостям в выборе блюд по меню, четкое исполнение поставленных руководством задач, поддержка чистоты и порядка в баре, расчет гостей, соблюдение кассовой…', 'Томирис, +7 9034249889', '2020-10-02 15:37:41.0'),
(102, 44, 'Заместитель директора по управлению персоналом', 70000, 'Москва', '1-3 года', 'Полная', 'Полный день', 'Совсем недавно мы запустили новый сервис СБЕР экосистемы - СберУслуги! Мы ищем в свою команду Руководителя направления маркетинговых коммуникаций со стратегическим мышлением и высокой экспертизой в маркетинге, которого будет драйвить сам сервис и который сможет многосторонне подойти к развитию сервиса…', 'Радомир, +7 9611489499', '2020-10-02 15:37:44.0'),
(103, 68, 'Мерчендайзер', 115000, 'Москва', '1 год', 'Полная', 'Сменный график', 'Подготовка к открытию / закрытию бара, качественное обслуживание гостей по стандартам сети, приготовление кофейных напитков, чая, коктейлей, помощь гостям в выборе блюд по меню, четкое исполнение поставленных руководством задач, поддержка чистоты и порядка в баре, расчет гостей, соблюдение кассовой…', 'Аарон, +7 9999287498', '2020-10-02 15:37:47.0'),
(104, 3, 'Машинист холодильных установок', 80000, 'Москва', '1 год', 'Частичная', 'Полный день', 'Повар-кассир в Теремок, Условия работы: Заработная плата от 43 000 руб. Работа рядом с домом – трудоустраиваем с учётом места проживания! Бесплатное обучение, стипендия в размере - 14 400 руб. График работы на выбор: сменный - 3/3, вахта. Полная компенсация проживания в общежитии. Компенсация ЖКХ жителям…', 'Мила, +7 9268785562', '2020-10-02 15:37:50.0'),
(105, 27, 'Кастелянша', 15000, 'Москва', '1 год', 'Полная', 'Удаленка', 'Приглашаем на вахту в новый и современный агрокомплекс с уютными и чистыми общежитиями, а также бесплатным 2-х разовым питанием, компенсацией проезда и с повышенной ставкой. Вахта неограниченна по количеству смен! Минимальная вахта от 15 смен! Минимальная ставка (не сделка) от 1600 рублей за 1 смену…', 'Олег, +7 9155969946', '2020-10-02 15:37:53.0'),
(106, 26, 'Секретарь-ресепшионист', 90000, 'Москва', '1-3 года', 'Полная', 'Удаленка', 'Монтаж слаботочного кабеля во всех вариантах, Монтаж и подключение оконечных приборов камеры-видеонаблюдения, датчики) Требования: Возможность работать в ночное время, Пунктуальность, Работа в команде, Опыт работы монтажных работ, Опыт работы с проектами, Активная жизненная позиция, Желание развиваться…', 'Этель, +7 9157224748', '2020-10-02 15:37:55.0'),
(107, 34, 'Финансовый менеджер', 25000, 'Москва', '3-6 лет', 'Полная', 'Полный день', 'MEALTY (МИЛТИ) - это вкусные готовые блюда из свежих продуктов от известных шеф-поваров. Наши торговые точки (островки) расположены в крупных торговых центрах и бизнес центрах. Приглашаем Продавца-консультанта. Обязанности: Консультировать покупателей, приходящих на точку, Работать с кассой, Сдавать…', 'Тереза, +7 9616525244', '2020-10-02 15:37:58.0'),
(108, 35, 'Начальник службы безопасности', 15000, 'Москва', '1 год', 'Полная', 'Удаленка', 'Мойка столовой посуды ( есть посудомоечная машина) уборка помещений (зал) Требования: чистоплотность, мед.книжка, Условия: бесплатное питание, график 5/2 с 8.00 до 18.00, возможно проживание,', 'Иоанна, +7 9153325429', '2020-10-02 15:38:01.0'),
(109, 15, 'Главный энергетик', 95000, 'Москва', '1 год', 'Полная', 'Гибкий график', 'Комплектовка товара с накладными или ТСД, упаковка товара (склад готовой продукции) Требования: Готовность к нагрузкам. Условия: Вахтовым методом, с проживанием в общежитии, Питание, Спец.одежда, постельное белье, предоставляются, Еженедельные повышенные авансы! Плата за смену почасовая, либо Сдельная…', 'Клара, +7 9053925186', '2020-10-02 15:38:04.0'),
(110, 52, 'Главный бухгалтер', 100000, 'Москва', '1 год', 'Полная', 'Удаленка', 'Работа на координатно-расточном станке, Изготовление деталей по чертежам, Механическая обработка металлов, не металлов, сплавов, Требования: Наличие удостоверения об образовании от 3-го разряда, Внимательность, ответственность, надежность, Условия: Производственные цеха и офис находятся в Московской…', 'Карина, +7 9269474458', '2020-10-02 15:38:06.0'),
(111, 42, 'Секретарь генерального директора', 75000, 'Москва', '1-3 года', 'Полная', 'Полный день', 'Охрана торгово-материальных ценностей на объекте заказчика, Осуществление контрольно-пропускного режима, Разрешение конфликтных ситуаций, Требования: Личные качества - стрессоустойчивость, исполнительность, аккуратность, сдержанность. Лицензия приветствуется, но не обязательна, Условия: Прямой работодатель…', 'Роман, +7 9037414476', '2020-10-02 15:38:10.0'),
(112, 37, 'Швейцар', 55000, 'Москва', '1-3 года', 'Полная', 'Полный день', 'Развозить документы по г. Москве, Условия: Проезд оплачивается сразу, График 5/2, с 9:00 – 18:00, Зарплата выплачивается 2 раза в месяц. Проезд и мобильная связь оплачивается в полном размере. Собеседование проводиться с 10.00 до 17.00 с понедельника по пятницу.', 'Элла, +7 9155306812', '2020-10-02 15:38:12.0'),
(113, 54, 'Главный механик', 85000, 'Москва', '1-3 года', 'Полная', 'Полный день', 'Совсем недавно мы запустили новый сервис СБЕР экосистемы - СберУслуги! Мы ищем в свою команду Руководителя направления маркетинговых коммуникаций со стратегическим мышлением и высокой экспертизой в маркетинге, которого будет драйвить сам сервис и который сможет многосторонне подойти к развитию сервиса…', 'Лукьян, +7 9617823818', '2020-10-02 15:38:15.0'),
(114, 47, 'Начальник (заведующий) мастерской', 45000, 'Москва', '1 год', 'Полная', 'Удаленка', 'Совсем недавно мы запустили новый сервис СБЕР экосистемы - СберУслуги! Мы ищем в свою команду Руководителя направления маркетинговых коммуникаций со стратегическим мышлением и высокой экспертизой в маркетинге, которого будет драйвить сам сервис и который сможет многосторонне подойти к развитию сервиса…', 'Мавиле, +7 9051929615', '2020-10-02 15:38:18.0'),
(115, 79, 'Торговый представитель', 40000, 'Москва', '1-3 года', 'Полная', 'Полный день', 'Ремонт кафе согласно техническому заданию, С навыками плиточных и отделочных работ, Наличие личного транспорта, Работа на объектах Подмосковья, Требования: Пунктуальность, ответственность. Опыт работы не важен. Энергичность, ответственность, внимательность. Условия: Трудоустройство по ТК РФ. Рабочий…', 'Наталья, +7 9158081353', '2020-10-02 15:38:21.0'),
(116, 37, 'Заместитель начальника склада', 95000, 'Москва', 'от 6 лет', 'Полная', 'Полный день', 'Комплектовка товара с накладными или ТСД, упаковка товара (склад готовой продукции) Требования: Готовность к нагрузкам. Условия: Вахтовым методом, с проживанием в общежитии, Питание, Спец.одежда, постельное белье, предоставляются, Еженедельные повышенные авансы! Плата за смену почасовая, либо Сдельная…', 'Исаак, +7 9269209089', '2020-10-02 15:38:23.0'),
(117, 75, 'Начальник автотранспортного отдела', 65000, 'Москва', '1-3 года', 'Полная', 'Удаленка', 'В компанию "СанетехЭлектроСтрой" требуется Газоэлектросварщик-сантехник. Условия: Работа в Москве и Московской области. Зарплата: от 50 000 руб. График работы: полный рабочий день. Проживание предоставляется. Оформление по ТК РФ, соц.пакет. Требования: Опыт работы от года,', 'Лариса, +7 9034323735', '2020-10-02 15:38:26.0'),
(118, 40, 'Начальник лаборатории (бюро) социологии труда', 110000, 'Москва', '1 год', 'Стажировка', 'Полный день', 'Продажа рекламных площадей в нефтегазовом журнале, Требования: высшее или неполное в/о образование, владение ПК, умение пользоваться интернетом, электронной почтой, общаться с людьми, Условия: Оформление по ТК РФ,', 'Полина, +7 9154657618', '2020-10-02 15:38:29.0'),
(119, 31, 'Заместитель директора по управлению персоналом', 65000, 'Москва', '1-3 года', 'Полная', 'Полный день', 'Охрана торгово-материальных ценностей на объекте заказчика, Осуществление контрольно-пропускного режима, Разрешение конфликтных ситуаций, Требования: Личные качества - стрессоустойчивость, исполнительность, аккуратность, сдержанность. Лицензия приветствуется, но не обязательна, Условия: Прямой работодатель…', 'Фарида, +7 9156514220', '2020-10-02 15:38:32.0'),
(120, 7, 'Главный инженер', 35000, 'Москва', '1-3 года', 'Полная', 'Полный день', 'Приглашаем на вахту в новый и современный агрокомплекс с уютными и чистыми общежитиями, а также бесплатным 2-х разовым питанием, компенсацией проезда и с повышенной ставкой. Вахта неограниченна по количеству смен! Минимальная вахта от 15 смен! Минимальная ставка (не сделка) от 1600 рублей за 1 смену…', 'Жанна, +7 9262727510', '2020-10-02 15:38:35.0'),
(121, 8, 'Горничная', 40000, 'Москва', '1 год', 'Полная', 'Полный день', 'Развозить документы по г. Москве, Условия: Проезд оплачивается сразу, График 5/2, с 9:00 – 18:00, Зарплата выплачивается 2 раза в месяц. Проезд и мобильная связь оплачивается в полном размере. Собеседование проводиться с 10.00 до 17.00 с понедельника по пятницу.', 'Дарина, +7 9994887688', '2020-10-02 15:38:38.0'),
(122, 80, 'Эколог', 100000, 'Москва', 'от 6 лет', 'Частичная', 'Полный день', 'Развозить документы по г. Москве, Условия: Проезд оплачивается сразу, График 5/2, с 9:00 – 18:00, Зарплата выплачивается 2 раза в месяц. Проезд и мобильная связь оплачивается в полном размере. Собеседование проводиться с 10.00 до 17.00 с понедельника по пятницу.', 'Вита, +7 9854595353', '2020-10-02 15:38:41.0'),
(123, 69, 'Секретарь отдела', 50000, 'Москва', '1 год', 'Частичная', 'Полный день', 'MEALTY (МИЛТИ) - это вкусные готовые блюда из свежих продуктов от известных шеф-поваров. Наши торговые точки (островки) расположены в крупных торговых центрах и бизнес центрах. Приглашаем Продавца-консультанта. Обязанности: Консультировать покупателей, приходящих на точку, Работать с кассой, Сдавать…', 'Эмили, +7 9266776954', '2020-10-02 15:38:44.0'),
(124, 1, 'Автослесарь', 100000, 'Москва', '1 год', 'Частичная', 'Полный день', 'Охрана торгово-материальных ценностей на объекте заказчика, Осуществление контрольно-пропускного режима, Разрешение конфликтных ситуаций, Требования: Личные качества - стрессоустойчивость, исполнительность, аккуратность, сдержанность. Лицензия приветствуется, но не обязательна, Условия: Прямой работодатель…', 'Джан, +7 9036224510', '2020-10-02 15:38:47.0'),
(125, 77, 'Менеджер', 90000, 'Москва', '1-3 года', 'Полная', 'Удаленка', 'MEALTY (МИЛТИ) - это вкусные готовые блюда из свежих продуктов от известных шеф-поваров. Наши торговые точки (островки) расположены в крупных торговых центрах и бизнес центрах. Приглашаем Продавца-консультанта. Обязанности: Консультировать покупателей, приходящих на точку, Работать с кассой, Сдавать…', 'Чулпан, +7 9034098719', '2020-10-02 15:38:49.0'),
(126, 6, 'Секретарь генерального директора', 80000, 'Москва', '1-3 года', 'Полная', 'Полный день', 'Ищем швей, которые хотят зарабатывать, для этого у нас есть все ! заказы на 2 месяца вперед уже в крое ! шьем одни и теже модели ! У нас есть несколько вакантных должностей швеи, можем предоставить жилье ! Обязанности: Пошив одежды, Требования: С опытом работы от года, Знание базовых машинок, Условия:…', 'Сажида, +7 9038863280', '2020-10-02 15:38:52.0'),
(127, 16, 'Начальник исследовательской лаборатории', 40000, 'Москва', '1-3 года', 'Полная', 'Полный день', 'Мойка столовой посуды ( есть посудомоечная машина) уборка помещений (зал) Требования: чистоплотность, мед.книжка, Условия: бесплатное питание, график 5/2 с 8.00 до 18.00, возможно проживание,', 'Оксана, +7 9157602184', '2020-10-02 15:38:55.0'),
(128, 57, 'Заведующий копировально-множительным бюро', 40000, 'Москва', '1-3 года', 'Полная', 'Сменный график', 'Приглашаем на вахту в новый и современный агрокомплекс с уютными и чистыми общежитиями, а также бесплатным 2-х разовым питанием, компенсацией проезда и с повышенной ставкой. Вахта неограниченна по количеству смен! Минимальная вахта от 15 смен! Минимальная ставка (не сделка) от 1600 рублей за 1 смену…', 'Сани, +7 9617516576', '2020-10-02 15:38:57.0'),
(129, 15, 'Директор гостиницы', 15000, 'Москва', '1-3 года', 'Полная', 'Полный день', 'Развозить документы по г. Москве, Условия: Проезд оплачивается сразу, График 5/2, с 9:00 – 18:00, Зарплата выплачивается 2 раза в месяц. Проезд и мобильная связь оплачивается в полном размере. Собеседование проводиться с 10.00 до 17.00 с понедельника по пятницу.', 'Арман, +7 9035359519', '2020-10-02 15:39:00.0'),
(130, 78, 'Метрдотель', 60000, 'Москва', '1-3 года', 'Полная', 'Удаленка', 'Продажа рекламных площадей в нефтегазовом журнале, Требования: высшее или неполное в/о образование, владение ПК, умение пользоваться интернетом, электронной почтой, общаться с людьми, Условия: Оформление по ТК РФ,', 'Агапит, +7 9613848949', '2020-10-02 15:39:05.0'),
(131, 70, 'Экономист по труду', 95000, 'Москва', '1-3 года', 'Полная', 'Полный день', 'Ремонт кафе согласно техническому заданию, С навыками плиточных и отделочных работ, Наличие личного транспорта, Работа на объектах Подмосковья, Требования: Пунктуальность, ответственность. Опыт работы не важен. Энергичность, ответственность, внимательность. Условия: Трудоустройство по ТК РФ. Рабочий…', 'Ираклий, +7 9059827856', '2020-10-02 15:39:08.0'),
(132, 73, 'Продавец', 50000, 'Москва', '1 год', 'Полная', 'Полный день', 'Выполнение подсобных и вспомогательных работ на производстве, упаковка изделий из нержавеющей стали, осуществление погрузки, выгрузки. Требования: Опыт работы приветствуется. Ответственность, дисциплинированность, трудолюбие, умение упаковывать товар в зависимости от его качеств, условий эксплуатации…', 'Дамир, +7 9058079365', '2020-10-02 15:39:11.0'),
(133, 71, 'Заведующий столовой', 30000, 'Москва', '3-6 лет', 'Полная', 'Полный день', 'Мойка столовой посуды ( есть посудомоечная машина) уборка помещений (зал) Требования: чистоплотность, мед.книжка, Условия: бесплатное питание, график 5/2 с 8.00 до 18.00, возможно проживание,', 'Вита, +7 9262185778', '2020-10-02 15:39:17.0'),
(134, 18, 'Специалист по ВЭД', 20000, 'Москва', '3-6 лет', 'Стажировка', 'Сменный график', 'Приготовление первых блюд, горячих блюд, пасты. Четкое соблюдение технологических карт и санитарных норм. Требования: Наличие медицинской книжки, Мы рассматриваем кандидатов как с опытом, так и без опыта работы, Условия: Место работы: м. Площадь революции, График работы: 2/2, Своевременные выплаты 2…', 'Лилит, +7 9614324779', '2020-10-02 15:39:21.0'),
(135, 21, 'Начальник отдела ИТ', 50000, 'Москва', '1-3 года', 'Полная', 'Полный день', 'Совсем недавно мы запустили новый сервис СБЕР экосистемы - СберУслуги! Мы ищем в свою команду Руководителя направления маркетинговых коммуникаций со стратегическим мышлением и высокой экспертизой в маркетинге, которого будет драйвить сам сервис и который сможет многосторонне подойти к развитию сервиса…', 'Замира, +7 9269235376', '2020-10-02 15:39:24.0'),
(136, 72, 'Главный конструктор', 115000, 'Москва', '1-3 года', 'Полная', 'Гибкий график', 'Совсем недавно мы запустили новый сервис СБЕР экосистемы - СберУслуги! Мы ищем в свою команду Руководителя направления маркетинговых коммуникаций со стратегическим мышлением и высокой экспертизой в маркетинге, которого будет драйвить сам сервис и который сможет многосторонне подойти к развитию сервиса…', 'Галия, +7 9158195436', '2020-10-02 15:39:27.0'),
(137, 23, 'Автослесарь', 30000, 'Москва', '1 год', 'Полная', 'Удаленка', 'Выполнение подсобных и вспомогательных работ на производстве, упаковка изделий из нержавеющей стали, осуществление погрузки, выгрузки. Требования: Опыт работы приветствуется. Ответственность, дисциплинированность, трудолюбие, умение упаковывать товар в зависимости от его качеств, условий эксплуатации…', 'Нелли, +7 9268487615', '2020-10-02 15:39:31.0'),
(138, 18, 'Начальник отдела ИТ', 30000, 'Москва', '1-3 года', 'Полная', 'Удаленка', 'Продажа рекламных площадей в нефтегазовом журнале, Требования: высшее или неполное в/о образование, владение ПК, умение пользоваться интернетом, электронной почтой, общаться с людьми, Условия: Оформление по ТК РФ,', 'Яков, +7 9992616744', '2020-10-02 15:39:34.0'),
(139, 48, 'Финансовый менеджер', 65000, 'Москва', '1-3 года', 'Полная', 'Полный день', 'Повар-кассир в Теремок, Условия работы: Заработная плата от 43 000 руб. Работа рядом с домом – трудоустраиваем с учётом места проживания! Бесплатное обучение, стипендия в размере - 14 400 руб. График работы на выбор: сменный - 3/3, вахта. Полная компенсация проживания в общежитии. Компенсация ЖКХ жителям…', 'Мирра, +7 9617999774', '2020-10-02 15:39:38.0'),
(140, 44, 'Директор по персоналу', 20000, 'Москва', '1 год', 'Полная', 'Полный день', 'Подготовка к открытию / закрытию бара, качественное обслуживание гостей по стандартам сети, приготовление кофейных напитков, чая, коктейлей, помощь гостям в выборе блюд по меню, четкое исполнение поставленных руководством задач, поддержка чистоты и порядка в баре, расчет гостей, соблюдение кассовой…', 'Василий, +7 9035881219', '2020-10-02 15:39:41.0'),
(141, 42, 'Начальник отдела ИТ', 30000, 'Москва', '1 год', 'Полная', 'Удаленка', 'Ремонт кафе согласно техническому заданию, С навыками плиточных и отделочных работ, Наличие личного транспорта, Работа на объектах Подмосковья, Требования: Пунктуальность, ответственность. Опыт работы не важен. Энергичность, ответственность, внимательность. Условия: Трудоустройство по ТК РФ. Рабочий…', 'Божена, +7 9155758544', '2020-10-02 15:39:44.0'),
(142, 69, 'Заместитель начальника склада', 75000, 'Москва', '1-3 года', 'Стажировка', 'Полный день', 'Вакансия компании ООО МосДез, Задачи которые решает наша компания- это инженерное и техническое обеспечение действующих и вновь возводимых объектов системами пожаротушения, водо и теплоснабжения, вентиляции, пожарной и охранной сигнализации. Мы выполняем полный комплекс работ. Проектирование, монтаж…', 'Жансая, +7 9615141686', '2020-10-02 15:39:47.0'),
(143, 2, 'Заведующий экспедицией', 80000, 'Москва', '1-3 года', 'Полная', 'Полный день', 'Работа на координатно-расточном станке, Изготовление деталей по чертежам, Механическая обработка металлов, не металлов, сплавов, Требования: Наличие удостоверения об образовании от 3-го разряда, Внимательность, ответственность, надежность, Условия: Производственные цеха и офис находятся в Московской…', 'Данис, +7 9616713730', '2020-10-02 15:39:50.0'),
(144, 66, 'Продавец', 115000, 'Москва', '1 год', 'Стажировка', 'Полный день', 'MEALTY (МИЛТИ) - это вкусные готовые блюда из свежих продуктов от известных шеф-поваров. Наши торговые точки (островки) расположены в крупных торговых центрах и бизнес центрах. Приглашаем Продавца-консультанта. Обязанности: Консультировать покупателей, приходящих на точку, Работать с кассой, Сдавать…', 'Алиса, +7 9265215367', '2020-10-02 15:39:53.0'),
(145, 48, 'Консьерж', 80000, 'Москва', '1-3 года', 'Стажировка', 'Удаленка', 'Комплектовка товара с накладными или ТСД, упаковка товара (склад готовой продукции) Требования: Готовность к нагрузкам. Условия: Вахтовым методом, с проживанием в общежитии, Питание, Спец.одежда, постельное белье, предоставляются, Еженедельные повышенные авансы! Плата за смену почасовая, либо Сдельная…', 'Рита, +7 9857842058', '2020-10-02 15:39:56.0'),
(146, 73, 'Водитель-экспедитор на легковых машинах', 25000, 'Москва', '1 год', 'Полная', 'Полный день', 'MEALTY (МИЛТИ) - это вкусные готовые блюда из свежих продуктов от известных шеф-поваров. Наши торговые точки (островки) расположены в крупных торговых центрах и бизнес центрах. Приглашаем Продавца-консультанта. Обязанности: Консультировать покупателей, приходящих на точку, Работать с кассой, Сдавать…', 'Диля, +7 9859952874', '2020-10-02 15:40:00.0');

INSERT INTO languages (cv_id, lang, `level`) VALUES
(1, 'Немецкий', 'B2 - Средне-продвинутый'),
(1, 'Татарский', 'C2 - В совершенстве'),
(3, 'Английский', 'C2 - В совершенстве'),
(3, 'Татарский', 'C2 - В совершенстве'),
(7, 'Английский', 'A2 - Элементарный'),
(8, 'Английский', 'B1 - Средний'),
(9, 'Английский', 'C1 - Продвинутый'),
(12, 'Немецкий', 'A1 - Начальный'),
(13, 'Французский', 'B1 - Средний'),
(15, 'Английский', 'A1 - Начальный'),
(17, 'Татарский', 'C2 - В совершенстве'),
(18, 'Татарский', 'C2 - В совершенстве'),
(19, 'Английский', 'B1 - Средний'),
(19, 'Китайский', 'C1 - Продвинутый'),
(21, 'Английский', 'B2 - Средне-продвинутый'),
(21, 'Немецкий', 'B2 - Средне-продвинутый'),
(21, 'Французский', 'C2 - В совершенстве'),
(22, 'Татарский', 'B1 - Средний'),
(26, 'Татарский', 'B2 - Средне-продвинутый'),
(27, 'Английский', 'A2 - Элементарный'),
(29, 'Английский', 'A1 - Начальный'),
(31, 'Немецкий', 'C1 - Продвинутый'),
(31, 'Татарский', 'C1 - Продвинутый'),
(33, 'Английский', 'B2 - Средне-продвинутый'),
(33, 'Татарский', 'A2 - Элементарный'),
(34, 'Английский', 'A1 - Начальный'),
(36, 'Испанский', 'C2 - В совершенстве'),
(37, 'Английский', 'A2 - Элементарный'),
(40, 'Английский', 'B2 - Средне-продвинутый'),
(43, 'Китайский', 'A1 - Начальный'),
(44, 'Английский', 'A2 - Элементарный'),
(45, 'Английский', 'A2 - Элементарный'),
(46, 'Татарский', 'C2 - В совершенстве'),
(47, 'Английский', 'B2 - Средне-продвинутый'),
(51, 'Татарский', 'A2 - Элементарный'),
(52, 'Английский', 'B2 - Средне-продвинутый'),
(54, 'Английский', 'B1 - Средний'),
(56, 'Английский', 'B2 - Средне-продвинутый'),
(58, 'Английский', 'A2 - Элементарный'),
(59, 'Английский', 'B1 - Средний'),
(59, 'Французский', 'A2 - Элементарный'),
(59, 'Татарский', 'C2 - В совершенстве'),
(61, 'Татарский', 'B2 - Средне-продвинутый'),
(62, 'Английский', 'B2 - Средне-продвинутый'),
(63, 'Английский', 'A1 - Начальный'),
(65, 'Испанский', 'A2 - Элементарный'),
(65, 'Французский', 'A2 - Элементарный'),
(68, 'Немецкий', 'C1 - Продвинутый'),
(70, 'Английский', 'A1 - Начальный'),
(71, 'Английский', 'B2 - Средне-продвинутый'),
(71, 'Татарский', 'C1 - Продвинутый'),
(72, 'Английский', 'C2 - В совершенстве'),
(75, 'Татарский', 'C2 - В совершенстве'),
(76, 'Испанский', 'C1 - Продвинутый'),
(81, 'Испанский', 'A1 - Начальный'),
(81, 'Китайский', 'B1 - Средний'),
(82, 'Английский', 'A2 - Элементарный'),
(82, 'Татарский', 'C1 - Продвинутый'),
(83, 'Испанский', 'C2 - В совершенстве'),
(85, 'Немецкий', 'C1 - Продвинутый'),
(87, 'Английский', 'A2 - Элементарный'),
(88, 'Английский', 'A2 - Элементарный'),
(89, 'Немецкий', 'A2 - Элементарный'),
(89, 'Французский', 'B1 - Средний'),
(89, 'Татарский', 'B1 - Средний'),
(90, 'Английский', 'A2 - Элементарный'),
(91, 'Английский', 'B1 - Средний'),
(93, 'Немецкий', 'A2 - Элементарный'),
(94, 'Английский', 'B2 - Средне-продвинутый'),
(99, 'Татарский', 'C2 - В совершенстве'),
(103, 'Английский', 'C2 - В совершенстве'),
(105, 'Английский', 'C2 - В совершенстве');


INSERT INTO skills (cv_id, skill) VALUES
(29, 'Автоматизация деятельности компании.'),
(64, 'анализ конкурентного окружения,'),
(67, 'анализ конкурентного окружения,'),
(80, 'анализ конкурентного окружения,'),
(67, 'Анализ рынка ERP-систем, выбор подходящей для нужд компании.'),
(23, 'анализ ситуации на рынке и предпочтений потребителей,'),
(50, 'анализ ситуации на рынке и предпочтений потребителей,'),
(44, 'аудитора,'),
(28, 'базы данных: MS SQL Server, PostgreSQL, MySQL,'),
(97, 'базы данных: MS SQL Server, PostgreSQL, MySQL,'),
(6, 'более 10 лет работы главным бухгалтером в иностранных компаниях,'),
(45, 'более 10 лет работы главным бухгалтером в иностранных компаниях,'),
(87, 'более 10 лет работы главным бухгалтером в иностранных компаниях,'),
(46, 'Бюджетное планирование и оптимизация затрат.'),
(46, 'ведение первичной бухгалтерии,'),
(72, 'ведение первичной бухгалтерии,'),
(90, 'ведение первичной бухгалтерии,'),
(78, 'Ведение переговоров и заключение договоров с поставщиками логистических услуг.'),
(6, 'ведение переговоров с клиентами всех уровней,'),
(37, 'владение программами: 1С, БЭСТ, SUN, CMS, «Консультант», «Гарант», MS Office,'),
(39, 'владение программами: 1С, БЭСТ, SUN, CMS, Консультант, Гарант, MS Office,'),
(55, 'водительские права категории «В».'),
(3, 'выбор продуктовой линейки,'),
(24, 'выбор продуктовой линейки,'),
(51, 'выбор продуктовой линейки,'),
(81, 'выбор продуктовой линейки,'),
(23, 'грамотная русская речь (устная и письменная).'),
(43, 'диплом на тему «Исследование маркетинговой деятельности фирмы», получивший оценку «отлично»,'),
(14, 'Дополнительный анализ и участие в выборе информационных систем.'),
(51, 'Дополнительный анализ и участие в выборе информационных систем.'),
(65, 'Дополнительный анализ и участие в выборе информационных систем.'),
(40, 'Знание JavaScript, HTML+CSS.'),
(75, 'Знание PHP.'),
(53, 'знание гражданского, гражданского процессуального, арбитражного процессуального, трудового права,'),
(28, 'знание действующего законодательства с учетом последних изменений,'),
(22, 'знание иностранных языков (указать название языка и уровень владения - со словарем, средний уровень, свободное владение),'),
(31, 'знание иностранных языков (указать название языка и уровень владения - со словарем, средний уровень, свободное владение),'),
(94, 'знание иностранных языков (указать название языка и уровень владения - со словарем, средний уровень, свободное владение),'),
(102, 'знание основ мерчандайзинга,'),
(52, 'знание рынка основных туристических направлений и базы отелей,'),
(63, 'знание рынка основных туристических направлений и базы отелей,'),
(92, 'Знание шаблонных движков.'),
(93, 'Знание шаблонных движков.'),
(79, 'Знания в области социологии, маркетингового анализа, математического моделирования,'),
(44, 'Знания технологий и языков в соответствующих областях: J2SE‚ J2EE, JPA, JAXB architecture, Hibernate,'),
(34, 'знания: налоги, отчетность по GAAP, сертификат ACCA Dip IFR, аттестат  '),
(10, 'знания: налоги, отчетность по GAAP, сертификат ACCA Dip IFR, аттестат аудитора,'),
(4, 'и обучение персонала,'),
(73, 'и обучение персонала,'),
(77, 'и обучение персонала,'),
(10, 'коммуникабельность, стрессоустойчивость и прочее.права категории «В», «С»,'),
(26, 'контроль отгрузки и доставки товара,'),
(73, 'контроль отгрузки и доставки товара,'),
(92, 'контроль отгрузки и доставки товара,'),
(18, 'координация работы подчиненных,'),
(42, 'координация работы подчиненных,'),
(2, 'Легко выступаю на публике.'),
(30, 'Легко выступаю на публике.'),
(101, 'навыки делового общения, ведения переговоров,'),
(57, 'навыки деловой переписки,'),
(65, 'навыки деловой переписки,'),
(72, 'навыки деловой переписки,'),
(16, 'навыки обеспечения жизнедеятельности офиса,'),
(22, 'навыки планирования продаж,'),
(47, 'навыки планирования продаж,'),
(68, 'навыки планирования продаж,'),
(84, 'навыки планирования продаж,'),
(8, 'навыки проведения анализа продаж / рынка и деятельности конкурентов / экономических показателей деятельности компании,'),
(25, 'навыки проведения анализа продаж / рынка и деятельности конкурентов / экономических показателей деятельности компании,'),
(17, 'навыки проведения инвентаризации на складе,'),
(68, 'навыки проведения инвентаризации на складе,'),
(19, 'навыки проведения поиска / оценки / обучения / аттестации / мотивации персонала,'),
(30, 'навыки проведения поиска / оценки / обучения / аттестации / мотивации персонала,'),
(105, 'навыки проведения факторного анализа и прогнозирования,'),
(35, 'навыки проведения ценообразования,'),
(64, 'навыки проведения ценообразования,'),
(12, 'навыки прямых продаж,'),
(21, 'навыки работы с большим документооборотом и массивом информации,'),
(74, 'навыки работы с большим документооборотом и массивом информации,'),
(2, 'навыки работы с первичной документацией,'),
(88, 'навыки создания, развития и ведения клиентской базы,'),
(82, 'навыки составления и проведения правовой экспертизы договоров / жалоб, претензий, исковых заявлений,'),
(59, 'навыки составления отчетности,'),
(41, 'навыки телефонных продаж,'),
(78, 'навыки телефонных продаж,'),
(90, 'навыки телефонных продаж,'),
(2, 'Обеспечение бесперебойной работы корпоративной ЛВС и оргтехники.'),
(84, 'Обеспечение бесперебойной работы корпоративной ЛВС и оргтехники.'),
(46, 'Обеспечение информационной безопасности.'),
(103, 'Обеспечение информационной безопасности.'),
(4, 'Оптимизация всей логистической цепочки.'),
(78, 'Оптимизация работы транспортного отдела.'),
(38, 'Оптимизация складского учета и документооборота на складе.'),
(52, 'Опыт PR-продвижения (более 8 лет работы, есть связи в крупных СМИ).'),
(73, 'Опыт PR-продвижения (более 8 лет работы, есть связи в крупных СМИ).'),
(6, 'опыт заключения торговых сделок,'),
(17, 'опыт заключения торговых сделок,'),
(18, 'Опыт переговоров и продаж (более 8 лет).'),
(61, 'опыт проведения социологических исследований в период учебы,'),
(44, 'опыт прохождения выездных, камеральных проверок.'),
(40, 'опыт работы на выставках, презентация продукции,'),
(2, 'Опыт работы с базами данных (MySQL, PostgreSQL, Oracle), знание языка SQL.'),
(33, 'Опыт работы с базами данных (MySQL, PostgreSQL, Oracle), знание языка SQL.'),
(71, 'опыт составления договоров, разработки правовых актов, дачи мотивированных заключений по правовым вопросам,'),
(1, 'Опыт управления IT-отделом (15 человек в подчинении).'),
(9, 'Опыт управления IT-отделом (15 человек в подчинении).'),
(40, 'опыт участия в судебных заседаниях в качестве истца и представителя по доверенности,'),
(66, 'опыт участия в судебных заседаниях в качестве истца и представителя по доверенности,'),
(41, 'организация и проведение маркетинговых мероприятий,  '),
(45, 'организованность,'),
(70, 'организованность,'),
(59, 'отличное знание автодорог конкретного города или государства, а также возможность ориентирования на местности,'),
(71, 'отличное знание автодорог конкретного города или государства, а также возможность ориентирования на местности,'),
(78, 'отличное знание автодорог конкретного города или государства, а также возможность ориентирования на местности,'),
(33, 'отслеживание эффективности рекламных и PR-мероприятий'),
(46, 'планирование,'),
(50, 'планирование,'),
(89, 'планирование,'),
(17, 'понимание специфики и направленности отрасли, в которой работает компания,'),
(71, 'понимание специфики и направленности отрасли, в которой работает компания,'),
(6, 'Построение интегрированной системы отчетности подразделений.'),
(36, 'Построение интегрированной системы отчетности подразделений.'),
(44, 'Построение интегрированной системы отчетности подразделений.'),
(43, 'прекрасное владение русским языком,'),
(3, 'Придумать, протестировать и откорректировать черновики, эскизы и макеты рекламных обращений для разных каналов.'),
(18, 'Придумать, протестировать и откорректировать черновики, эскизы и макеты рекламных обращений для разных каналов.'),
(24, 'Проактивность.  '),
(28, 'Проактивность.  '),
(60, 'Проактивность.  '),
(94, 'Проактивность.  '),
(38, 'проведение маркетинговых исследований,'),
(71, 'проведение маркетинговых исследований,'),
(76, 'проведение маркетинговых исследований,'),
(50, 'продолжительный водительский стаж без совершения ДТП,'),
(87, 'Разобраться в свойствах продукта, уяснить его преимущества и недостатки в сравнении с конкурентами и сабститюторами.'),
(93, 'Разобраться в свойствах продукта, уяснить его преимущества и недостатки в сравнении с конкурентами и сабститюторами.'),
(29, 'Разработать и обосновать привлекательную для покупателя ценовую политику с учётом соответствующей нормы прибыли.'),
(69, 'Разработка и внедрение системы складского учета.'),
(75, 'Разработка и внедрение системы складского учета.'),
(54, 'Разработка и реализация маркетинговой стратегии компании, в том числе:'),
(64, 'расчет итоговой стоимости покупки,'),
(90, 'расчет итоговой стоимости покупки,'),
(42, 'Руководство внутренними проектами.'),
(50, 'Самосознание.  '),
(2, 'свободное владение английским языком,'),
(12, 'свободное владение английским языком,'),
(41, 'свободное владение ПК.'),
(38, 'сдержанность и умение сохранять конфиденциальность информации (особенно ценится среди персональных водителей),'),
(43, 'Создание отдела маркетинга «с нуля».'),
(90, 'Создание региональных складов и региональной логистики.'),
(20, 'составление и заключение договоров,'),
(74, 'составление и заключение договоров,'),
(16, 'Способность оказывать влияние.'),
(14, 'Способность эффективно решать проблемы,'),
(60, 'Техническая смекалка.'),
(28, 'Техническое обеспечение офиса, организация обновления парка техники.'),
(16, 'уверенное владение ПК, знание 1С, Word, Excel,'),
(57, 'уверенное владение ПК, знание 1С, Word, Excel,'),
(68, 'уверенное владение ПК, знание 1С, Word, Excel,'),
(80, 'уверенное владение ПК,'),
(8, 'Уверенное знание ПК.'),
(31, 'Уверенное знание ПК.'),
(103, 'Уверенное знание ПК.'),
(35, 'уверенные знания английского языка.'),
(62, 'уверенные знания английского языка.'),
(88, 'уверенные знания английского языка.'),
(96, 'уверенные знания английского языка.'),
(15, 'умение консультировать по вопросам права и правоприменительной деятельности,'),
(20, 'умение мотивировать команду на достижение поставленных целей,'),
(28, 'умение мотивировать команду на достижение поставленных целей,'),
(67, 'умение мотивировать команду на достижение поставленных целей,'),
(81, 'умение находить общий язык с людьми, привлекать новых клиентов,'),
(40, 'умение организовывать,'),
(49, 'умение организовывать,'),
(67, 'умение организовывать,'),
(87, 'Умение прочесть чужой код и документацию на английском языке.'),
(66, 'умение работать в команде,'),
(73, 'умение работать с основными правовыми базами (Гарант, Консультант +),'),
(71, 'умение работать с программами Word, Excel, Power Point,'),
(104, 'умение работать с программами Word, Excel, Power Point,'),
(75, 'умение самостоятельно принимать решения,'),
(12, 'умение убеждать.'),
(39, 'Управление бюджетом отдела.'),
(45, 'успешный опыт руководства бухгалтерией (до 5 человек),'),
(71, 'успешный опыт руководства бухгалтерией (до 5 человек),'),
(63, 'Участие в принятии управленческих решений в компании.'),
(99, 'Участие в принятии управленческих решений в компании.'),
(40, 'Хорошее знание рекламы и продвижения в интернете (+ опыт развития интернет-проектов с нуля).'),
(44, 'Хорошее знание рекламы и продвижения в интернете (+ опыт развития интернет-проектов с нуля).'),
(100, 'Хорошее знание рекламы и продвижения в интернете (+ опыт развития интернет-проектов с нуля).'),
(5, 'хорошие коммуникативные навыки и умение продавать,'),
(20, 'хорошие коммуникативные навыки и умение продавать,'),
(32, 'Эффективное принятие решений.');


INSERT INTO requirement_skills (vacancy_id, skill) VALUES
(7, 'management software: SVN, Maven, Archiva, CruiseControl,'),
(107, 'management software: SVN, Maven, Archiva, CruiseControl,'),
(132, 'management software: SVN, Maven, Archiva, CruiseControl,'),
(37, 'Автоматизация деятельности компании.'),
(81, 'администрирование Unix OS: Linux Fedora/Ubuntu/Slackware/OpenSUSE‚ FreeBSD,'),
(87, 'администрирование Unix OS: Linux Fedora/Ubuntu/Slackware/OpenSUSE‚ FreeBSD,'),
(94, 'администрирование Unix OS: Linux Fedora/Ubuntu/Slackware/OpenSUSE‚ FreeBSD,'),
(17, 'Анализ рынка ERP-систем, выбор подходящей для нужд компании.'),
(100, 'Анализ рынка ERP-систем, выбор подходящей для нужд компании.'),
(2, 'анализ ситуации на рынке и предпочтений потребителей,'),
(19, 'анализ ситуации на рынке и предпочтений потребителей,'),
(46, 'анализ ситуации на рынке и предпочтений потребителей,'),
(90, 'аналитическое мышление,'),
(115, 'аудитора,'),
(58, 'более 10 лет работы главным бухгалтером в иностранных компаниях,'),
(123, 'ведение и расширение клиентской базы,'),
(60, 'ведение первичной бухгалтерии,'),
(104, 'ведение первичной бухгалтерии,'),
(115, 'ведение первичной бухгалтерии,'),
(140, 'ведение первичной бухгалтерии,'),
(64, 'Ведение переговоров и заключение договоров с поставщиками логистических услуг.'),
(76, 'владение программами: 1С, БЭСТ, SUN, CMS, Консультант, Гарант, MS Office,'),
(141, 'владение программами: 1С, БЭСТ, SUN, CMS, Консультант, Гарант, MS Office,'),
(32, 'выбор продуктовой линейки,'),
(98, 'выбор продуктовой линейки,'),
(43, 'грамотная русская речь (устная и письменная).'),
(4, 'диплом на тему «Исследование маркетинговой деятельности фирмы», получивший оценку «отлично»,'),
(23, 'диплом на тему «Исследование маркетинговой деятельности фирмы», получивший оценку «отлично»,'),
(87, 'диплом на тему «Исследование маркетинговой деятельности фирмы», получивший оценку «отлично»,'),
(13, 'Знание JavaScript, HTML+CSS.'),
(140, 'Знание PHP.'),
(8, 'знание гражданского, гражданского процессуального, арбитражного процессуального, трудового права,'),
(93, 'знание гражданского, гражданского процессуального, арбитражного процессуального, трудового права,'),
(28, 'знание действующего законодательства с учетом последних изменений,'),
(74, 'знание действующего законодательства с учетом последних изменений,'),
(87, 'знание действующего законодательства с учетом последних изменений,'),
(89, 'знание действующего законодательства с учетом последних изменений,'),
(60, 'знание иностранных языков (указать название языка и уровень владения - со словарем, средний уровень, свободное владение),'),
(29, 'знание основ мерчандайзинга,'),
(32, 'знание основ мерчандайзинга,'),
(143, 'знание основ мерчандайзинга,'),
(101, 'Знание принципов построения и работы сайтов и серверов.'),
(56, 'знание рынка основных туристических направлений и базы отелей,'),
(120, 'знание языков программирования (название языка и уровень владения),'),
(134, 'знание языков программирования (название языка и уровень владения),'),
(46, 'Знания в области социологии, маркетингового анализа, математического моделирования,'),
(50, 'Знания в области социологии, маркетингового анализа, математического моделирования,'),
(116, 'Знания в области социологии, маркетингового анализа, математического моделирования,'),
(67, 'Знания технологий и языков в соответствующих областях: J2SE‚ J2EE, JPA, JAXB architecture, Hibernate,'),
(88, 'Знания технологий и языков в соответствующих областях: J2SE‚ J2EE, JPA, JAXB architecture, Hibernate,'),
(133, 'Знания технологий и языков в соответствующих областях: J2SE‚ J2EE, JPA, JAXB architecture, Hibernate,'),
(10, 'знания: налоги, отчетность по GAAP, сертификат ACCA Dip IFR, аттестат  '),
(59, 'и обучение персонала,'),
(8, 'коммуникабельность, стрессоустойчивость и прочее.права категории «В», «С»,'),
(51, 'контроль отгрузки и доставки товара,'),
(62, 'координация работы подчиненных,'),
(46, 'навыки ведения бухгалтерского и налогового учета,'),
(95, 'навыки делового общения, ведения переговоров,'),
(4, 'навыки делового общения,'),
(29, 'навыки делового общения,'),
(106, 'навыки делового общения,'),
(4, 'навыки мерчендайзинга / оформления витрин, торгового зала,'),
(15, 'навыки написания коммерческих предложений,'),
(39, 'навыки написания коммерческих предложений,'),
(126, 'навыки написания коммерческих предложений,'),
(117, 'навыки обеспечения жизнедеятельности офиса,'),
(104, 'навыки оперативного поиска информации в сети Интернет,'),
(40, 'навыки планирования продаж,'),
(140, 'навыки планирования продаж,'),
(74, 'навыки проведения анализа продаж / рынка и деятельности конкурентов / экономических показателей деятельности компании,'),
(2, 'навыки проведения инвентаризации на складе,'),
(103, 'навыки проведения инвентаризации на складе,'),
(123, 'навыки проведения инвентаризации на складе,'),
(62, 'навыки проведения поиска / оценки / обучения / аттестации / мотивации персонала,'),
(120, 'навыки проведения поиска / оценки / обучения / аттестации / мотивации персонала,'),
(54, 'навыки проведения правовой экспертизы документов,'),
(111, 'навыки проведения правовой экспертизы документов,'),
(100, 'навыки проведения факторного анализа и прогнозирования,'),
(133, 'навыки проведения факторного анализа и прогнозирования,'),
(86, 'навыки проведения ценообразования,'),
(110, 'навыки прямых продаж,'),
(14, 'навыки работы в программе 1С / в Adobe Photoshop / Illustrator и др.,'),
(144, 'навыки работы с оргтехникой,'),
(51, 'навыки работы с первичной документацией,'),
(142, 'навыки работы с первичной документацией,'),
(61, 'навыки составления и проведения правовой экспертизы договоров / жалоб, претензий, исковых заявлений,'),
(33, 'навыки составления отчетности,'),
(44, 'навыки статистической обработки данных,'),
(12, 'навыки телефонных продаж,'),
(59, 'навыки телефонных продаж,'),
(134, 'Обеспечение информационной безопасности.'),
(62, 'обслуживание покупателей в соответствии с технологиями продаж,'),
(7, 'определение целевой аудитории, позиционирование,'),
(90, 'определение целевой аудитории, позиционирование,'),
(116, 'определение целевой аудитории, позиционирование,'),
(85, 'Опыт PR-продвижения (более 8 лет работы, есть связи в крупных СМИ).'),
(106, 'Опыт PR-продвижения (более 8 лет работы, есть связи в крупных СМИ).'),
(34, 'опыт ежедневной полевой работы с торговыми точками на выделенном секторе,'),
(55, 'опыт заключения торговых сделок,'),
(62, 'опыт заключения торговых сделок,'),
(78, 'опыт заключения торговых сделок,'),
(15, 'опыт замещения начальника отдела,'),
(59, 'опыт замещения начальника отдела,'),
(67, 'опыт замещения начальника отдела,'),
(51, 'опыт подготовки презентаций товара,'),
(48, 'опыт работы на выставках, презентация продукции,'),
(85, 'Опыт работы по автоматизации и моделированию решений средствами IT.'),
(52, 'Опыт работы с базами данных (MySQL, PostgreSQL, Oracle), знание языка SQL.'),
(102, 'Опыт работы с базами данных (MySQL, PostgreSQL, Oracle), знание языка SQL.'),
(114, 'опыт работы с системами онлайн-бронирования туроператоров,'),
(125, 'Опыт работы с фреймворками для программистов (CMF).'),
(2, 'опыт составления договоров, разработки правовых актов, дачи мотивированных заключений по правовым вопросам,'),
(7, 'Опыт управления IT-отделом (15 человек в подчинении).'),
(21, 'Опыт управления IT-отделом (15 человек в подчинении).'),
(125, 'Опыт управления IT-отделом (15 человек в подчинении).'),
(15, 'опыт участия в судебных заседаниях в качестве истца и представителя по доверенности,'),
(144, 'опыт участия в судебных заседаниях в качестве истца и представителя по доверенности,'),
(28, 'отличное знание автодорог конкретного города или государства, а также возможность ориентирования на местности,'),
(9, 'отслеживание эффективности рекламных и PR-мероприятий'),
(34, 'планирование,'),
(116, 'планирование,'),
(48, 'Построение интегрированной системы отчетности подразделений.'),
(88, 'Построение интегрированной системы отчетности подразделений.'),
(38, 'Предусмотреть способы стимулирования продаж – сэмплинг, акции, скидки – условия и сроки их применения, методы анализа.'),
(81, 'прекрасное владение русским языком,'),
(67, 'Придумать, протестировать и откорректировать черновики, эскизы и макеты рекламных обращений для разных каналов.'),
(143, 'проведение маркетинговых исследований,'),
(71, 'продолжительный водительский стаж без совершения ДТП,'),
(105, 'продолжительный водительский стаж без совершения ДТП,'),
(97, 'пунктуальность,'),
(51, 'Развитие IT в компании.'),
(137, 'Развитие IT в компании.'),
(37, 'Разобраться в свойствах продукта, уяснить его преимущества и недостатки в сравнении с конкурентами и сабститюторами.'),
(28, 'Разработать и обосновать привлекательную для покупателя ценовую политику с учётом соответствующей нормы прибыли.'),
(32, 'Разработать и обосновать привлекательную для покупателя ценовую политику с учётом соответствующей нормы прибыли.'),
(129, 'Разработать и обосновать привлекательную для покупателя ценовую политику с учётом соответствующей нормы прибыли.'),
(145, 'Разработать и обосновать привлекательную для покупателя ценовую политику с учётом соответствующей нормы прибыли.'),
(12, 'Разработка и внедрение системы складского учета.'),
(117, 'Разработка и реализация маркетинговой стратегии компании, в том числе:'),
(32, 'Руководство внутренними проектами.'),
(2, 'Самосознание.  '),
(15, 'Самосознание.  '),
(77, 'свободное владение английским языком,'),
(102, 'свободное владение английским языком,'),
(124, 'свободное владение ПК.'),
(42, 'сертификаты: Oracle.'),
(113, 'Создание отдела маркетинга «с нуля».'),
(9, 'Создание региональных складов и региональной логистики.'),
(81, 'Создание региональных складов и региональной логистики.'),
(120, 'Создание региональных складов и региональной логистики.'),
(11, 'Способность к обучению.'),
(76, 'Способность к обучению.'),
(38, 'Способность оказывать влияние.'),
(32, 'Способность эффективно решать проблемы,'),
(136, 'Способность эффективно решать проблемы,'),
(40, 'Техническая смекалка.'),
(11, 'Техническое обеспечение офиса, организация обновления парка техники.'),
(33, 'Техническое обеспечение офиса, организация обновления парка техники.'),
(89, 'точность и внимательность к деталям,'),
(47, 'уверенное владение ПК, знание 1С, Word, Excel,'),
(130, 'уверенное владение ПК, знание 1С, Word, Excel,'),
(31, 'уверенное владение ПК,'),
(48, 'уверенное владение ПК,'),
(130, 'уверенное владение ПК,'),
(112, 'Умение вникнуть в суть проблемы, которую решает данный продукт.'),
(125, 'Умение вникнуть в суть проблемы, которую решает данный продукт.'),
(115, 'умение консультировать по вопросам права и правоприменительной деятельности,'),
(118, 'умение находить общий язык с людьми, привлекать новых клиентов,'),
(5, 'умение организовывать,'),
(89, 'умение организовывать,'),
(96, 'умение организовывать,'),
(81, 'Умение прочесть чужой код и документацию на английском языке.'),
(128, 'Умение прочесть чужой код и документацию на английском языке.'),
(46, 'умение работать в команде,'),
(115, 'умение работать в команде,'),
(116, 'умение работать с основными правовыми базами (Гарант, Консультант +),'),
(69, 'умение работать с программами Word, Excel, Power Point,'),
(140, 'умение работать с программами Word, Excel, Power Point,'),
(92, 'умение убеждать.'),
(52, 'Управление бюджетом отдела.'),
(55, 'успешный опыт руководства бухгалтерией (до 5 человек),'),
(86, 'успешный опыт руководства бухгалтерией (до 5 человек),'),
(24, 'Участие в принятии управленческих решений в компании.'),
(143, 'Участие в принятии управленческих решений в компании.'),
(92, 'Хорошее знание рекламы и продвижения в интернете (+ опыт развития интернет-проектов с нуля).'),
(98, 'Хорошее знание рекламы и продвижения в интернете (+ опыт развития интернет-проектов с нуля).'),
(99, 'хорошие коммуникативные навыки и умение продавать,'),
(61, 'Эффективное принятие решений.'),
(114, 'Эффективное принятие решений.');

INSERT INTO job_experience (cv_id, start_date, end_date, company, position_name, description) VALUES
(4, '2007-08-19', '1986-08-24', 'Адвентум', 'Директор филиала', 'Штукатур ищется для работы на платформе Пик.ПРО, График работы - 5/2, 6/1 и свободный график, Звоните! Звоните, собеседуем и оформляем удалённо за 24 часа! НАШИ СТРОЙКИ ОТКРЫТЫ, Мы предоставляем работу на одной из 32-х строек ГК "ПИК" в Москве или Московской области. Получайте задания через мобильное…'),
(42, '2018-06-13', '1998-06-18', 'Леруа Мерлен', 'Офис-менеджер', 'Торговая сеть «Перекрёсток» приглашает в свою команду Ассистентов зоны КСО! В ваши обязанности будет входить: Информирование и обучение покупателей работе с кассами самообслуживания, Проверка правомерности приобретения алкогольной и табачной продукции, Сканирование на кассах самообслуживания алкогольной…'),
(9, '2008-07-20', '1990-07-25', 'НПФ  «Материа Медика Холдинг»', 'Начальник исследовательской лаборатории', 'Повар-кассир в Теремок, Условия работы: Заработная плата от 43 000 руб. Работа рядом с домом – трудоустраиваем с учётом места проживания! Бесплатное обучение, стипендия в размере - 14 400 руб. График работы на выбор: сменный - 3/3, вахта. Полная компенсация проживания в общежитии. Компенсация ЖКХ жителям…'),
(80, '1983-03-20', '1962-03-25', 'СИБУР', 'Заведующий архивом', 'Каменщик ищется для работы на платформе Пик.ПРО, График работы - 5/2, 6/1 и свободный график, Звоните! Звоните, собеседуем и оформляем удалённо за 24 часа! НАШИ СТРОЙКИ ОТКРЫТЫ, Платформа ПИК.ПРО работает на объектах ГК ПИК. Власти Москвы разрешили строительным компаниям работать с 12 мая. С нами вы…'),
(83, '2001-09-27', '1980-10-02', 'Tele2', 'Рабочий пищевого производства', 'Вакансия компании: SLG, История SLG начинается с 2003 года. В многопрофильный холдинг входят компании, успешно осуществляющие свою деятельность по разным направлениям ведения бизнеса. В настоящий момент компания имеет 5 офисов в Москве и 21 представительство по всей территории России. Общий штат нашей…'),
(89, '2017-01-12', '1996-01-18', 'МАКСАВИТ', 'Секретарь генерального директора', 'Торговая сеть «Перекрёсток» приглашает в свою команду Ассистентов зоны КСО! В ваши обязанности будет входить: Информирование и обучение покупателей работе с кассами самообслуживания, Проверка правомерности приобретения алкогольной и табачной продукции, Сканирование на кассах самообслуживания алкогольной…'),
(11, '1994-12-04', '1976-12-08', 'ПЭТ-Технолоджи', 'Менеджер по развитию', 'Плиточник ищется для работы на платформе Пик.ПРО, График работы - 5/2, 6/1 и свободный график, Звоните! Звоните, собеседуем и оформляем удалённо за 24 часа! НАШИ СТРОЙКИ ОТКРЫТЫ, Мы предоставляем работу на одной из 32-х строек ГК "ПИК" в Москве или Московской области. Получайте задания через мобильное…'),
(75, '2017-07-31', '1996-08-05', 'Redmadrobot', 'Кассир', 'Торговая сеть «Перекрёсток» приглашает в свою команду Ассистентов зоны КСО! В ваши обязанности будет входить: Информирование и обучение покупателей работе с кассами самообслуживания, Проверка правомерности приобретения алкогольной и табачной продукции, Сканирование на кассах самообслуживания алкогольной…'),
(3, '2000-04-13', '1978-04-19', 'Северсталь', 'Заместитель главного бухгалтера', 'Электрик ищется для работы на платформе Пик.ПРО, График работы - 5/2, 6/1 и свободный график, Звоните! Звоните, собеседуем и оформляем удалённо за 24 часа! НАШИ СТРОЙКИ ОТКРЫТЫ, Платформа ПИК.ПРО работает на объектах ГК ПИК. Власти Москвы разрешили строительным компаниям работать с 12 мая. С нами вы…'),
(13, '2007-08-19', '1985-08-24', 'PepsiCo', 'Администратор торгового зала', 'Выезд на адрес заказчика с целью ремонта (модульный). Ремонт телефонов или компьютерной техники. Грамотное и корректное изложение мыслей при общении с клиентом. Согласование стоимости ремонта. Нам важно, чтобы Вы: Имели опыт работы с людьми ( любые сферы) Были отзывчивы в помощи коллегам и новичкам…'),
(64, '2000-09-08', '1979-09-14', 'Билайн', 'Финансовый менеджер', 'Повар-кассир в Теремок, Условия работы: Заработная плата от 43 000 руб. Работа рядом с домом – трудоустраиваем с учётом места проживания! Бесплатное обучение, стипендия в размере - 14 400 руб. График работы на выбор: сменный - 3/3, вахта. Полная компенсация проживания в общежитии. Компенсация ЖКХ жителям…'),
(20, '2001-08-11', '1983-08-16', 'ПАО "Аптечная сеть 36,6"', 'Начальник производственной лаборатории (по контролю производства)', 'Маляр ищется для работы на платформе Пик.ПРО, График работы - 5/2, 6/1 и свободный график, Звоните! Звоните, собеседуем и оформляем удалённо за 24 часа! НАШИ СТРОЙКИ ОТКРЫТЫ, Мы предоставляем работу на одной из 32-х строек ГК "ПИК" в Москве или Московской области. Получайте задания через мобильное приложение…'),
(25, '2022-08-19', '2004-08-23', 'ПроДокторов', 'Гладильщик', 'Трудоустройство и заселение полностью бесплатно! Почасовую оплату от 1000 до 1320 руб. За смену или сдельную от 1400 до 1900 руб. За смену, Авансы еженедельно по 1500 рублей, Бесплатное или льготное полноценное питание, Вознаграждение за приведенных друзей - 2000! Поможем с оформлением документов, Есть…'),
(91, '1996-07-22', '1975-07-28', 'R-Style Softlab (Эр-Стайл Софтлаб)', 'Менеджер по ключевым клиентам', 'Трудоустройство и заселение полностью бесплатно! Почасовую оплату от 1000 до 1320 руб. За смену или сдельную от 1400 до 1900 руб. За смену, Авансы еженедельно по 1500 рублей, Бесплатное или льготное полноценное питание, Вознаграждение за приведенных друзей - 2000! Поможем с оформлением документов, Есть…'),
(46, '2012-01-12', '1990-01-17', 'ООО "ЭнергоТехСервис"', 'Директор по качеству', 'Соблюдение нормативов по комплектации товаров для отгрузки. В случае обнаружения брака, порчи, других недостатков изделий, либо упаковки без товара немедленно оповещать специалиста склада, старшего специалиста склада для составления акта о вышеперечисленных недостатках. Подбор товара на складе по заданию…'),
(59, '2007-06-25', '1988-06-29', 'Tele2', 'Копирайтер', 'Каменщик ищется для работы на платформе Пик.ПРО, График работы - 5/2, 6/1 и свободный график, Звоните! Звоните, собеседуем и оформляем удалённо за 24 часа! НАШИ СТРОЙКИ ОТКРЫТЫ, Платформа ПИК.ПРО работает на объектах ГК ПИК. Власти Москвы разрешили строительным компаниям работать с 12 мая. С нами вы…'),
(68, '1990-07-09', '1969-07-14', 'Холдинг "Росэлектроника"', 'Начальник отдела кадров', 'Плиточник ищется для работы на платформе Пик.ПРО, График работы - 5/2, 6/1 и свободный график, Звоните! Звоните, собеседуем и оформляем удалённо за 24 часа! НАШИ СТРОЙКИ ОТКРЫТЫ, Мы предоставляем работу на одной из 32-х строек ГК "ПИК" в Москве или Московской области. Получайте задания через мобильное…'),
(99, '2004-02-26', '1983-03-03', 'AP Trade', 'Контролер качества', 'Соблюдение нормативов по комплектации товаров для отгрузки. В случае обнаружения брака, порчи, других недостатков изделий, либо упаковки без товара немедленно оповещать специалиста склада, старшего специалиста склада для составления акта о вышеперечисленных недостатках. Подбор товара на складе по заданию…'),
(69, '2015-08-26', '1994-08-31', 'Группа ГАЗ', 'Инженер по технике безопасности', 'Электрик ищется для работы на платформе Пик.ПРО, График работы - 5/2, 6/1 и свободный график, Звоните! Звоните, собеседуем и оформляем удалённо за 24 часа! НАШИ СТРОЙКИ ОТКРЫТЫ, Платформа ПИК.ПРО работает на объектах ГК ПИК. Власти Москвы разрешили строительным компаниям работать с 12 мая. С нами вы…'),
(13, '2007-08-19', '1988-08-23', 'Hoff', 'Горничная', 'Мойка столовой посуды ( есть посудомоечная машина) уборка помещений (зал) Требования: чистоплотность, мед.книжка, Условия: бесплатное питание, график 5/2 с 8.00 до 18.00, возможно проживание,'),
(26, '2014-04-12', '1992-04-17', 'Bilfinger Tebodin', 'Заведующий архивом', 'контроль порядка и сроков выполнения бухгалтерских операций,'),
(29, '2008-07-20', '1989-07-25', '5 карманов', 'Менеджер проекта', 'обеспечение сохранности бухгалтерских документов и сдачи их в архив.'),
(69, '2015-08-26', '1996-08-30', 'АН "Владис"', 'Начальник отдела автоматизированной системы управления производством', 'организация и координирование отдела бухгалтерии (8 человек),'),
(65, '2017-06-23', '1995-06-29', 'Омские кабельные сети', 'Приемосдатчик', 'переговоры с оптовыми заказчиками.'),
(74, '1996-06-17', '1974-06-23', 'ООО «Профит-Лига»', 'Электрик', 'контроль порядка и сроков выполнения бухгалтерских операций,'),
(22, '1989-06-04', '1968-06-09', 'Bilfinger Tebodin', 'Консьерж', 'инвентаризация и приемка товаров,'),
(69, '2015-08-26', '1993-08-31', 'АО "НПФ ГАЗФОНД пенсионные накопления"', 'Горничная', 'работа над системой мотивации сотрудников,'),
(54, '2012-07-10', '1992-07-15', 'Дистрибьюторская Менеджмент Система', 'Главный инженер', 'обучение и повышение квалификации подчиненных.'),
(31, '2008-09-20', '1986-09-26', 'РОСТЕСТ', 'Начальник производства', 'работа над системой мотивации сотрудников,'),
(71, '1988-04-03', '1966-04-09', 'НИПИГАЗ', 'Юрист', 'обеспечение сохранности бухгалтерских документов и сдачи их в архив.'),
(22, '1989-06-04', '1969-06-09', 'Оптимальная логистика', 'Горничная', 'переговоры с оптовыми заказчиками.'),
(30, '1994-12-04', '1976-12-08', 'Бэби-клуб', 'Рубщик мяса', 'экспертиза технической документации,'),
(59, '2007-06-25', '1986-06-30', 'ATH American Express GBT', 'Горничная', 'подготовка эффективных коммерческих предложений,'),
(18, '2021-03-19', '2001-03-24', 'Группа компаний "Штурм"', 'Директор по развитию', 'практическая помощь по техническим вопросам.'),
(81, '2017-01-12', '1997-01-17', 'МТС', 'Начальник планово-экономического отдела', 'перечисление налогов и сборов в соответствующие органы,'),
(84, '2015-08-06', '1994-08-11', 'ТатАИСЭнерго', 'Исполнительный директор', 'инвентаризация и приемка товаров,'),
(42, '2018-06-13', '1999-06-18', 'AGYM', 'Директор по маркетингу', 'начисление заработной платы сотрудникам,'),
(97, '2011-05-10', '1990-05-15', 'Modern Glass', 'Автоэлектрик', 'разработка мероприятий и специальных предложений для клиентов,'),
(82, '2017-02-23', '1999-02-28', 'NVIDIA', 'Технический директор', 'перечисление налогов и сборов в соответствующие органы,'),
(53, '1993-08-23', '1975-08-28', 'Домотехника', 'Финансовый директор', 'практическая помощь по техническим вопросам.'),
(98, '2008-09-20', '1988-09-25', 'Danone Россия', 'Машинист строительной техники', 'начисление заработной платы сотрудникам,'),
(10, '2012-01-12', '1992-01-17', 'ГК ЛАНИТ', 'Начальник лаборатории (бюро) социологии труда', 'контроль качества и соблюдения действующих норм предприятия,'),
(64, '2000-09-08', '1982-09-13', 'ООО "Эскорт Сервис"', 'Директор по логистике', 'контроль качества и соблюдения действующих норм предприятия,'),
(48, '2001-05-01', '1980-05-06', 'НПФ  «Материа Медика Холдинг»', 'Главный технолог', 'перечисление налогов и сборов в соответствующие органы,'),
(88, '2016-08-28', '1998-09-02', 'ПроДокторов', 'Швейцар', 'начисление заработной платы сотрудникам,'),
(93, '2019-01-04', '1999-01-09', 'Банк "Ренессанс Кредит"', 'Директор по маркетингу', 'начисление заработной платы сотрудникам,'),
(45, '2021-03-19', '2001-03-24', 'ООО "ВкусВилл"', 'Заместитель директора по коммерческим вопросам', 'работа над системой мотивации сотрудников,'),
(68, '1990-07-09', '1971-07-14', 'ГК Спектрум', 'Верстальщик', 'подготовка и реализация рабочего плана бухгалтерского учета,'),
(3, '2000-04-13', '1979-04-19', 'ПАО "КАМАЗ"', 'Заведующий складом', 'подготовка и реализация рабочего плана бухгалтерского учета,'),
(57, '1996-06-21', '1974-06-27', 'Группа компаний "Штурм"', 'Менеджер по закупкам', 'подготовка эффективных коммерческих предложений,'),
(99, '2004-02-26', '1982-03-03', 'ООО "Петролеум Трейдинг"', 'Начальник исследовательской лаборатории', 'подготовка эффективных коммерческих предложений,'),
(7, '1988-04-03', '1968-04-08', 'Лаборатория Касперского', 'Кондитер', 'выкладка товаров.'),
(13, '2007-08-19', '1985-08-24', 'Компания ГЭНДАЛЬФ', 'Директор гостиницы', 'переговоры с оптовыми заказчиками.'),
(97, '2011-05-10', '1990-05-15', 'Международная школа программирования CODDY', 'Старший бухгалтер', 'контроль качества и соблюдения действующих норм предприятия,'),
(94, '2004-06-06', '1982-06-12', 'Др. Тайсс Натурварен Рус', 'Старший бухгалтер', 'бухгалтерский учет и работа с документацией,'),
(1, '2022-08-19', '2002-08-24', 'Сбербанк', 'Прораб', 'организация производства и проектирования продукции,'),
(74, '1996-06-17', '1974-06-23', 'АО "Мостострой-11"', 'Диспетчер', 'консультирование клиентов в выборе продукта,'),
(69, '2015-08-26', '1994-08-31', 'BEEPER', 'Заведующий фотолабораторией', 'перечисление налогов и сборов в соответствующие органы,'),
(51, '2000-09-08', '1982-09-13', 'Ситибанк', 'Портной', 'кассовый учет,'),
(22, '1989-06-04', '1970-06-09', 'NVIDIA', 'Системный администратор', 'практическая помощь по техническим вопросам.'),
(29, '2008-07-20', '1986-07-26', 'МТС Банк', 'Главный геодезист', 'кассовый учет,'),
(11, '1994-12-04', '1974-12-09', 'NVIDIA', 'Бухгалтер', 'привлечение и удержание новых клиентов,'),
(6, '1983-03-20', '1965-03-24', 'ivi Онлайн-кинотеатр', 'Директор супермаркета', 'кассовый учет,'),
(9, '2008-07-20', '1988-07-25', 'ИЛЬ ДЕ БОТЭ/ SEPHORA', 'Начальник службы безопасности', 'консультирование по продуктам и услугам компании,'),
(16, '1998-05-10', '1977-05-15', 'Омские кабельные сети', 'Начальник АХО', 'консультирование клиентов в выборе продукта,'),
(101, '2017-06-23', '1995-06-29', 'Группа компаний "Штурм"', 'Директор по маркетингу', 'обеспечение сохранности бухгалтерских документов и сдачи их в архив.'),
(55, '2012-07-10', '1994-07-15', 'ADMOS', 'Инженер по технике безопасности', 'бухгалтерский учет и работа с документацией,'),
(36, '1990-01-15', '1971-01-20', 'Клиника "К+31"', 'Заместитель директора по связям с общественностью', 'взаимодействие с заказчиками.'),
(57, '1996-06-21', '1977-06-26', 'Династия. Клиника семейной стоматологии', 'Курьер', 'переговоры с оптовыми заказчиками.'),
(17, '2019-01-04', '1999-01-09', 'Азбука вкуса', 'Директор по качеству', 'кассовый учет,'),
(92, '2000-09-02', '1978-09-08', 'Клиника "К+31"', 'Операционный директор розничной сети', 'обучение и повышение квалификации подчиненных.'),
(91, '1996-07-22', '1974-07-28', 'АО "Медицина" (клиника академика Ройтберга)', 'Главный механик', 'разработка мероприятий и специальных предложений для клиентов,'),
(59, '2007-06-25', '1988-06-29', '"ДиБиАй" (DBI)', 'Заместитель директора по связям с общественностью', 'подготовка и реализация рабочего плана бухгалтерского учета,'),
(94, '2004-06-06', '1984-06-11', 'ТПГК СОЮЗСНАБ', 'Электрик', 'консультирование клиентов в выборе продукта,'),
(36, '1990-01-15', '1971-01-20', 'ООО Этажи', 'Начальник отдела кадров', 'управление отделом продаж из 10 человек,'),
(57, '1996-06-21', '1978-06-26', 'ООО "Шахтинская керамика"', 'Рубщик мяса', 'разработка мероприятий и специальных предложений для клиентов,'),
(8, '1993-04-16', '1973-04-21', 'Проектное бюро R1', 'Автослесарь', 'обеспечение сохранности бухгалтерских документов и сдачи их в архив.'),
(23, '2014-04-12', '1996-04-16', 'ООО «Профит-Лига»', 'Заместитель директора по капитальному строительству', 'переговоры с оптовыми заказчиками.'),
(34, '1996-06-21', '1978-06-26', 'ВЕРТЕКС', 'Мерчендайзер', 'кассовый учет,'),
(19, '1996-06-17', '1975-06-23', 'МТС Банк', 'Менеджер по кадровому делопроизводству', 'работа над системой мотивации сотрудников,'),
(5, '2000-09-02', '1978-09-08', 'АН "Владис"', 'Машинист холодильных установок', 'анализ денежных потерь и разработка способов их оптимизации.'),
(24, '1988-04-03', '1970-04-08', 'Bacardi', 'Носильщик', 'взаимодействие с заказчиками.'),
(58, '2009-02-02', '1988-02-08', 'Лаборатория Касперского', 'Начальник отдела кадров', 'консультирование клиентов в выборе продукта,'),
(96, '1989-04-15', '1971-04-20', 'OPEN Group', 'Кастелянша', 'контроль порядка и сроков выполнения бухгалтерских операций,'),
(9, '2008-07-20', '1989-07-25', 'ТС Оптима', 'Приемосдатчик', 'координирование деятельности персонала (12 человек),'),
(85, '1989-04-15', '1969-04-20', '"ДиБиАй" (DBI)', 'Монтажник', 'работа над системой мотивации сотрудников,'),
(35, '2004-06-06', '1982-06-12', 'ПАО «Мосэнерго»', 'Специалист по стандартизации', 'коммерческая аналитика предприятия,'),
(62, '1999-08-12', '1977-08-17', 'ОАО "Сладонеж"', 'Заместитель директора по управлению персоналом', 'перечисление налогов и сборов в соответствующие органы,'),
(92, '2000-09-02', '1979-09-08', 'Банк ДОМ.РФ', 'Начальник отдела автоматизации и механизации производственных процессов', 'инвентаризация и приемка товаров,'),
(92, '2000-09-02', '1979-09-08', 'Фаст Финанс', 'Кастелянша', 'выкладка товаров.'),
(4, '2007-08-19', '1985-08-24', 'Издательство "Феникс"', 'Контролер качества', 'контроль качества и соблюдения действующих норм предприятия,'),
(90, '2022-08-19', '2002-08-24', 'фирма "Торговый Дом Ярмарка"', 'Заместитель директора по управлению персоналом', 'управление отделом продаж из 10 человек,'),
(17, '2019-01-04', '1998-01-09', 'NOVARDIS', 'Заведующий бюро пропусков', 'анализ показателей бизнеса и конкурентов,'),
(13, '2007-08-19', '1985-08-24', 'GfK Rus', 'Рубщик мяса', 'координирование деятельности персонала (12 человек),'),
(90, '2022-08-19', '2002-08-24', 'ATH American Express GBT', 'Начальник планово-экономического отдела', 'выкладка товаров.'),
(22, '1989-06-04', '1968-06-09', 'АО "СОМЭКС"', 'Секретарь отдела', 'обучение и повышение квалификации подчиненных.'),
(44, '1989-12-20', '1967-12-26', 'ГК "Магнат"', 'Менеджер по рекламе', 'подготовка и реализация рабочего плана бухгалтерского учета,'),
(37, '2017-02-23', '1997-02-28', 'Эником Невада групп', 'Директор супермаркета', 'консультирование по продуктам и услугам компании,'),
(27, '1983-03-20', '1965-03-24', 'Группа Компаний "СиЭс Медика"', 'Персонал складской логистики', 'разработка мероприятий и специальных предложений для клиентов,'),
(103, '2015-08-26', '1997-08-30', 'ТС Командор', 'Персонал складской логистики', 'консультирование клиентов в выборе продукта,'),
(12, '1993-08-23', '1973-08-28', 'МКК "Метрокредит"', 'Персонал складской логистики', 'обучение и повышение квалификации подчиненных.'),
(8, '1993-04-16', '1973-04-21', 'Valeo', 'Менеджер по городским продажам', 'начисление заработной платы сотрудникам,'),
(61, '2011-05-10', '1992-05-14', 'ООО Этажи', 'Менеджер по логистике', 'практическая помощь по техническим вопросам.'),
(84, '2015-08-06', '1995-08-11', 'АО "Медицина" (клиника академика Ройтберга)', 'Юрист', 'переговоры с оптовыми заказчиками.'),
(40, '1988-10-29', '1966-11-04', 'Московский метрополитен', 'Автослесарь', 'инвентаризация и приемка товаров,'),
(88, '2016-08-28', '1997-09-02', 'Прио-Внешторгбанк', 'Главный геодезист', 'разработка мероприятий и специальных предложений для клиентов,'),
(86, '2000-07-19', '1980-07-24', 'CENTURY 21 Россия', 'Начальник (заведующий) мастерской', 'подготовка эффективных коммерческих предложений,'),
(92, '2000-09-02', '1980-09-07', 'ДОНСТРОЙ', 'Главный энергетик', 'инвентаризация и приемка товаров,'),
(76, '2023-10-16', '2004-10-20', 'SAP', 'Начальник лаборатории (бюро) социологии труда', 'организация производства и проектирования продукции,'),
(79, '2022-08-19', '2004-08-23', 'COMPAREX', 'Консьерж', 'переговоры с оптовыми заказчиками.'),
(41, '1989-06-04', '1971-06-09', 'ЗАО "ФармФирма "Сотекс"', 'Экспедитор', 'кассовый учет,'),
(25, '2022-08-19', '2000-08-24', 'Клиника "К+31"', 'Начальник производственной лаборатории (по контролю производства)', 'перечисление налогов и сборов в соответствующие органы,'),
(25, '2022-08-19', '2002-08-24', 'Parallels', 'Консьерж', 'привлечение и удержание новых клиентов,'),
(73, '1998-05-10', '1976-05-15', 'Сеть клиник "ЛИНЛАЙН"', 'Специалист по ВЭД', 'обеспечение сохранности бухгалтерских документов и сдачи их в архив.'),
(47, '1983-03-20', '1963-03-25', 'НАГ', 'Механик', 'обучение и повышение квалификации подчиненных.'),
(75, '2017-07-31', '1998-08-05', 'Intermedia', 'Автоэлектрик', 'взаимодействие с заказчиками.'),
(9, '2008-07-20', '1986-07-26', 'Colliers International Company Limited', 'Заведующий экспедицией', 'анализ денежных потерь и разработка способов их оптимизации.'),
(101, '2017-06-23', '1996-06-28', 'ВЕРТЕКС', 'Гардеробщик', 'работа над системой мотивации сотрудников,'),
(53, '1993-08-23', '1974-08-28', 'НАО "Евроэксперт"', 'Заместитель начальника склада', 'практическая помощь по техническим вопросам.'),
(103, '2015-08-26', '1996-08-30', '5 карманов', 'Персонал организации логистики и закупок', 'работа над системой мотивации сотрудников,');

INSERT INTO cv_views (id, cv_id, employer_id, last_view, created_at) VALUES 
(1, 66, 78, '2020-08-25 00:00:00.0', '2020-10-04 21:17:09.0'),
(2, 60, 22, '2020-10-01 00:00:00.0', '2020-10-04 21:17:11.0'),
(3, 68, 79, '2020-10-01 00:00:00.0', '2020-10-04 21:17:12.0'),
(4, 21, 76, '2020-10-01 00:00:00.0', '2020-10-04 21:17:13.0'),
(5, 101, 50, '2020-10-02 00:00:00.0', '2020-10-04 21:17:14.0'),
(6, 11, 73, '2020-08-25 00:00:00.0', '2020-10-04 21:17:15.0'),
(7, 99, 75, '2020-10-02 00:00:00.0', '2020-10-04 21:17:17.0'),
(8, 54, 34, '2020-08-25 00:00:00.0', '2020-10-04 21:17:18.0'),
(9, 12, 49, '2020-09-23 00:00:00.0', '2020-10-04 21:17:19.0'),
(10, 78, 73, '2020-09-23 00:00:00.0', '2020-10-04 21:17:20.0'),
(11, 7, 8, '2020-09-23 00:00:00.0', '2020-10-04 21:17:21.0'),
(12, 52, 6, '2020-09-23 00:00:00.0', '2020-10-04 21:17:23.0'),
(13, 95, 41, '2020-10-02 00:00:00.0', '2020-10-04 21:17:24.0'),
(14, 53, 46, '2020-10-02 00:00:00.0', '2020-10-04 21:17:25.0'),
(15, 46, 37, '2020-10-01 00:00:00.0', '2020-10-04 21:17:26.0'),
(16, 78, 57, '2020-08-25 00:00:00.0', '2020-10-04 21:17:27.0'),
(17, 94, 7, '2020-09-23 00:00:00.0', '2020-10-04 21:17:29.0'),
(18, 76, 27, '2020-10-02 00:00:00.0', '2020-10-04 21:17:30.0'),
(19, 31, 69, '2020-09-10 00:00:00.0', '2020-10-04 21:17:31.0'),
(20, 13, 28, '2020-10-01 00:00:00.0', '2020-10-04 21:17:32.0'),
(21, 82, 73, '2020-08-25 00:00:00.0', '2020-10-04 21:17:34.0'),
(22, 30, 58, '2020-10-02 00:00:00.0', '2020-10-04 21:17:35.0'),
(23, 41, 9, '2020-09-23 00:00:00.0', '2020-10-04 21:17:36.0'),
(24, 46, 45, '2020-09-23 00:00:00.0', '2020-10-04 21:17:37.0'),
(25, 84, 19, '2020-10-01 00:00:00.0', '2020-10-04 21:17:38.0'),
(26, 69, 80, '2020-09-23 00:00:00.0', '2020-10-04 21:17:39.0'),
(27, 49, 7, '2020-08-25 00:00:00.0', '2020-10-04 21:17:41.0'),
(28, 23, 64, '2020-10-01 00:00:00.0', '2020-10-04 21:17:42.0'),
(29, 50, 5, '2020-09-23 00:00:00.0', '2020-10-04 21:17:43.0'),
(30, 35, 50, '2020-10-01 00:00:00.0', '2020-10-04 21:17:44.0'),
(31, 7, 29, '2020-10-01 00:00:00.0', '2020-10-04 21:17:45.0'),
(32, 84, 60, '2020-09-23 00:00:00.0', '2020-10-04 21:17:46.0'),
(33, 7, 34, '2020-10-01 00:00:00.0', '2020-10-04 21:17:48.0'),
(34, 91, 35, '2020-10-01 00:00:00.0', '2020-10-04 21:17:49.0'),
(35, 67, 45, '2020-09-10 00:00:00.0', '2020-10-04 21:17:50.0'),
(36, 62, 21, '2020-08-25 00:00:00.0', '2020-10-04 21:17:51.0'),
(37, 35, 51, '2020-09-23 00:00:00.0', '2020-10-04 21:17:53.0'),
(38, 85, 61, '2020-09-23 00:00:00.0', '2020-10-04 21:17:55.0'),
(39, 75, 5, '2020-10-02 00:00:00.0', '2020-10-04 21:17:57.0'),
(40, 100, 42, '2020-09-23 00:00:00.0', '2020-10-04 21:17:58.0'),
(41, 32, 19, '2020-09-23 00:00:00.0', '2020-10-04 21:17:59.0'),
(42, 8, 72, '2020-10-01 00:00:00.0', '2020-10-04 21:18:01.0'),
(43, 49, 55, '2020-10-02 00:00:00.0', '2020-10-04 21:18:02.0'),
(44, 19, 40, '2020-10-01 00:00:00.0', '2020-10-04 21:18:03.0'),
(45, 49, 67, '2020-09-23 00:00:00.0', '2020-10-04 21:18:05.0'),
(46, 14, 34, '2020-09-10 00:00:00.0', '2020-10-04 21:18:06.0'),
(47, 97, 68, '2020-10-02 00:00:00.0', '2020-10-04 21:18:07.0'),
(48, 39, 80, '2020-08-25 00:00:00.0', '2020-10-04 21:18:08.0'),
(49, 47, 37, '2020-09-23 00:00:00.0', '2020-10-04 21:18:10.0'),
(50, 38, 77, '2020-10-02 00:00:00.0', '2020-10-04 21:18:11.0'),
(51, 80, 45, '2020-09-10 00:00:00.0', '2020-10-04 21:18:12.0'),
(52, 57, 64, '2020-09-10 00:00:00.0', '2020-10-04 21:18:13.0'),
(53, 37, 40, '2020-09-10 00:00:00.0', '2020-10-04 21:18:14.0'),
(54, 93, 56, '2020-09-23 00:00:00.0', '2020-10-04 21:18:15.0'),
(55, 14, 69, '2020-10-01 00:00:00.0', '2020-10-04 21:18:16.0'),
(56, 53, 54, '2020-09-23 00:00:00.0', '2020-10-04 21:18:17.0'),
(57, 68, 39, '2020-10-02 00:00:00.0', '2020-10-04 21:18:18.0'),
(58, 20, 2, '2020-09-10 00:00:00.0', '2020-10-04 21:18:20.0'),
(59, 8, 3, '2020-08-25 00:00:00.0', '2020-10-04 21:18:21.0'),
(60, 58, 73, '2020-10-02 00:00:00.0', '2020-10-04 21:18:22.0'),
(61, 80, 61, '2020-10-02 00:00:00.0', '2020-10-04 21:18:23.0'),
(62, 39, 1, '2020-10-01 00:00:00.0', '2020-10-04 21:18:24.0'),
(63, 5, 59, '2020-09-10 00:00:00.0', '2020-10-04 21:18:25.0'),
(64, 95, 35, '2020-10-01 00:00:00.0', '2020-10-04 21:18:27.0'),
(65, 6, 35, '2020-08-25 00:00:00.0', '2020-10-04 21:18:28.0'),
(66, 70, 45, '2020-10-01 00:00:00.0', '2020-10-04 21:18:29.0'),
(67, 52, 1, '2020-09-10 00:00:00.0', '2020-10-04 21:18:30.0'),
(68, 4, 10, '2020-09-10 00:00:00.0', '2020-10-04 21:18:31.0'),
(69, 53, 6, '2020-09-23 00:00:00.0', '2020-10-04 21:18:33.0'),
(70, 17, 79, '2020-10-02 00:00:00.0', '2020-10-04 21:18:34.0'),
(71, 27, 5, '2020-08-25 00:00:00.0', '2020-10-04 21:18:35.0'),
(72, 101, 37, '2020-09-10 00:00:00.0', '2020-10-04 21:18:36.0'),
(73, 52, 16, '2020-10-02 00:00:00.0', '2020-10-04 21:18:37.0'),
(74, 60, 81, '2020-09-10 00:00:00.0', '2020-10-04 21:18:38.0'),
(75, 51, 82, '2020-10-02 00:00:00.0', '2020-10-04 21:18:40.0'),
(76, 48, 7, '2020-10-02 00:00:00.0', '2020-10-04 21:18:41.0'),
(77, 52, 26, '2020-10-01 00:00:00.0', '2020-10-04 21:18:42.0'),
(78, 105, 14, '2020-09-10 00:00:00.0', '2020-10-04 21:18:43.0'),
(79, 12, 9, '2020-10-02 00:00:00.0', '2020-10-04 21:18:44.0'),
(80, 22, 68, '2020-10-01 00:00:00.0', '2020-10-04 21:18:45.0'),
(81, 48, 30, '2020-09-23 00:00:00.0', '2020-10-04 21:18:46.0'),
(82, 93, 58, '2020-10-02 00:00:00.0', '2020-10-04 21:18:47.0'),
(83, 95, 2, '2020-09-23 00:00:00.0', '2020-10-04 21:18:48.0'),
(84, 40, 69, '2020-10-02 00:00:00.0', '2020-10-04 21:18:49.0'),
(85, 98, 5, '2020-09-10 00:00:00.0', '2020-10-04 21:18:50.0'),
(86, 50, 76, '2020-09-23 00:00:00.0', '2020-10-04 21:18:51.0'),
(87, 38, 33, '2020-09-23 00:00:00.0', '2020-10-04 21:18:53.0'),
(88, 66, 24, '2020-09-23 00:00:00.0', '2020-10-04 21:18:54.0'),
(89, 99, 11, '2020-09-10 00:00:00.0', '2020-10-04 21:18:55.0'),
(90, 68, 30, '2020-09-23 00:00:00.0', '2020-10-04 21:18:56.0'),
(91, 58, 62, '2020-08-25 00:00:00.0', '2020-10-04 21:18:57.0'),
(92, 56, 62, '2020-10-02 00:00:00.0', '2020-10-04 21:18:58.0'),
(93, 75, 24, '2020-10-02 00:00:00.0', '2020-10-04 21:18:59.0'),
(94, 20, 72, '2020-09-23 00:00:00.0', '2020-10-04 21:19:00.0'),
(95, 105, 8, '2020-09-10 00:00:00.0', '2020-10-04 21:19:01.0'),
(96, 24, 10, '2020-09-10 00:00:00.0', '2020-10-04 21:19:03.0'),
(97, 80, 56, '2020-09-10 00:00:00.0', '2020-10-04 21:19:04.0'),
(98, 35, 14, '2020-10-01 00:00:00.0', '2020-10-04 21:19:05.0'),
(99, 88, 20, '2020-10-02 00:00:00.0', '2020-10-04 21:19:06.0'),
(100, 55, 7, '2020-09-23 00:00:00.0', '2020-10-04 21:19:07.0'),
(101, 38, 16, '2020-10-02 00:00:00.0', '2020-10-05 16:06:30.0'),
(102, 50, 64, '2020-08-25 00:00:00.0', '2020-10-05 16:06:32.0'),
(103, 97, 18, '2020-10-01 00:00:00.0', '2020-10-05 16:06:34.0'),
(104, 32, 35, '2020-08-25 00:00:00.0', '2020-10-05 16:06:35.0'),
(105, 37, 69, '2020-09-10 00:00:00.0', '2020-10-05 16:06:36.0'),
(106, 90, 78, '2020-08-25 00:00:00.0', '2020-10-05 16:06:37.0'),
(107, 80, 23, '2020-09-23 00:00:00.0', '2020-10-05 16:06:39.0'),
(108, 91, 29, '2020-09-10 00:00:00.0', '2020-10-05 16:06:40.0'),
(109, 20, 32, '2020-09-10 00:00:00.0', '2020-10-05 16:06:42.0'),
(110, 34, 59, '2020-08-25 00:00:00.0', '2020-10-05 16:06:43.0'),
(111, 86, 31, '2020-09-23 00:00:00.0', '2020-10-05 16:06:44.0'),
(112, 70, 46, '2020-08-25 00:00:00.0', '2020-10-05 16:06:46.0'),
(113, 34, 48, '2020-10-02 00:00:00.0', '2020-10-05 16:06:48.0'),
(114, 89, 31, '2020-09-10 00:00:00.0', '2020-10-05 16:06:49.0'),
(115, 30, 82, '2020-09-23 00:00:00.0', '2020-10-05 16:06:50.0'),
(116, 22, 57, '2020-09-10 00:00:00.0', '2020-10-05 16:06:52.0'),
(117, 65, 64, '2020-10-01 00:00:00.0', '2020-10-05 16:06:53.0'),
(118, 4, 69, '2020-10-02 00:00:00.0', '2020-10-05 16:06:55.0'),
(119, 35, 69, '2020-10-02 00:00:00.0', '2020-10-05 16:06:56.0'),
(120, 28, 27, '2020-10-01 00:00:00.0', '2020-10-05 16:06:58.0'),
(121, 72, 15, '2020-10-01 00:00:00.0', '2020-10-05 16:07:00.0'),
(122, 26, 48, '2020-10-02 00:00:00.0', '2020-10-05 16:07:01.0'),
(123, 8, 25, '2020-10-01 00:00:00.0', '2020-10-05 16:07:03.0'),
(124, 1, 39, '2020-09-10 00:00:00.0', '2020-10-05 16:07:05.0'),
(125, 4, 14, '2020-10-02 00:00:00.0', '2020-10-05 16:07:07.0'),
(126, 60, 27, '2020-09-10 00:00:00.0', '2020-10-05 16:07:08.0'),
(127, 3, 79, '2020-08-25 00:00:00.0', '2020-10-05 16:07:09.0'),
(128, 95, 64, '2020-09-23 00:00:00.0', '2020-10-05 16:07:11.0'),
(129, 31, 4, '2020-10-01 00:00:00.0', '2020-10-05 16:07:12.0'),
(130, 82, 14, '2020-09-23 00:00:00.0', '2020-10-05 16:07:13.0'),
(131, 49, 50, '2020-10-01 00:00:00.0', '2020-10-05 16:07:15.0'),
(132, 57, 61, '2020-10-02 00:00:00.0', '2020-10-05 16:07:16.0'),
(133, 53, 42, '2020-08-25 00:00:00.0', '2020-10-05 16:07:17.0'),
(134, 11, 61, '2020-08-25 00:00:00.0', '2020-10-05 16:07:19.0'),
(135, 49, 21, '2020-10-02 00:00:00.0', '2020-10-05 16:07:20.0'),
(136, 100, 26, '2020-10-01 00:00:00.0', '2020-10-05 16:07:22.0'),
(137, 91, 66, '2020-09-10 00:00:00.0', '2020-10-05 16:07:23.0'),
(138, 29, 51, '2020-09-23 00:00:00.0', '2020-10-05 16:07:25.0'),
(139, 20, 12, '2020-10-02 00:00:00.0', '2020-10-05 16:07:26.0'),
(140, 18, 60, '2020-09-23 00:00:00.0', '2020-10-05 16:07:27.0'),
(141, 101, 17, '2020-09-23 00:00:00.0', '2020-10-05 16:07:29.0'),
(142, 42, 40, '2020-08-25 00:00:00.0', '2020-10-05 16:07:31.0'),
(143, 49, 40, '2020-10-02 00:00:00.0', '2020-10-05 16:07:32.0'),
(144, 58, 67, '2020-09-10 00:00:00.0', '2020-10-05 16:07:34.0'),
(145, 90, 5, '2020-10-01 00:00:00.0', '2020-10-05 16:07:36.0'),
(146, 12, 81, '2020-10-02 00:00:00.0', '2020-10-05 16:07:37.0'),
(147, 83, 58, '2020-09-23 00:00:00.0', '2020-10-05 16:07:39.0'),
(148, 6, 22, '2020-10-01 00:00:00.0', '2020-10-05 16:07:41.0'),
(149, 86, 24, '2020-09-10 00:00:00.0', '2020-10-05 16:07:44.0'),
(150, 28, 11, '2020-10-02 00:00:00.0', '2020-10-05 16:07:46.0');

INSERT INTO settings (cv_id, can_see) VALUES
(1, 'Видно выбранным компаниям'),
(2, 'Видно выбранным компаниям'),
(3, 'Видно выбранным компаниям'),
(4, 'Видно компаниям-клиентам hh'),
(6, 'Видно выбранным компаниям'),
(5, 'Видно выбранным компаниям'),
(7, 'Видно выбранным компаниям'),
(8, 'Видно компаниям-клиентам hh'),
(9, 'Видно выбранным компаниям'),
(10, 'Видно компаниям-клиентам hh'),
(11, 'Видно компаниям-клиентам hh'),
(12, 'Скрыто от выбранных компаний'),
(13, 'Видно компаниям-клиентам hh'),
(14, 'Видно всему интернету'),
(15, 'Видно выбранным компаниям'),
(16, 'Видно выбранным компаниям'),
(17, 'Видно выбранным компаниям'),
(18, 'Видно выбранным компаниям'),
(19, 'Видно выбранным компаниям'),
(20, 'Видно выбранным компаниям'),
(21, 'Видно компаниям-клиентам hh'),
(22, 'Не видно никому'),
(23, 'Видно компаниям-клиентам hh'),
(24, 'Видно выбранным компаниям'),
(25, 'Скрыто от выбранных компаний'),
(26, 'Видно выбранным компаниям'),
(27, 'Видно выбранным компаниям'),
(28, 'Видно выбранным компаниям'),
(29, 'Видно всему интернету'),
(30, 'Скрыто от выбранных компаний'),
(31, 'Видно выбранным компаниям'),
(32, 'Не видно никому'),
(33, 'Не видно никому'),
(34, 'Видно выбранным компаниям'),
(35, 'Видно выбранным компаниям'),
(36, 'Скрыто от выбранных компаний'),
(37, 'Видно выбранным компаниям'),
(38, 'Видно компаниям-клиентам hh'),
(39, 'Скрыто от выбранных компаний'),
(40, 'Видно компаниям-клиентам hh'),
(41, 'Видно выбранным компаниям'),
(42, 'Видно выбранным компаниям'),
(43, 'Видно всему интернету'),
(44, 'Видно компаниям-клиентам hh'),
(45, 'Видно компаниям-клиентам hh'),
(46, 'Скрыто от выбранных компаний'),
(47, 'Скрыто от выбранных компаний'),
(48, 'Видно всему интернету'),
(49, 'Скрыто от выбранных компаний'),
(50, 'Видно выбранным компаниям'),
(51, 'Видно компаниям-клиентам hh'),
(52, 'Видно выбранным компаниям'),
(53, 'Видно выбранным компаниям'),
(54, 'Видно выбранным компаниям'),
(55, 'Скрыто от выбранных компаний'),
(56, 'Видно компаниям-клиентам hh'),
(57, 'Видно компаниям-клиентам hh'),
(58, 'Видно выбранным компаниям'),
(59, 'Видно выбранным компаниям'),
(60, 'Видно выбранным компаниям'),
(61, 'Скрыто от выбранных компаний'),
(62, 'Не видно никому'),
(63, 'Скрыто от выбранных компаний'),
(64, 'Видно компаниям-клиентам hh'),
(65, 'Видно выбранным компаниям'),
(66, 'Видно выбранным компаниям'),
(67, 'Видно всему интернету'),
(69, 'Видно компаниям-клиентам hh'),
(71, 'Видно всему интернету'),
(74, 'Видно выбранным компаниям'),
(75, 'Видно всему интернету'),
(79, 'Видно всему интернету'),
(81, 'Видно выбранным компаниям'),
(86, 'Видно компаниям-клиентам hh'),
(87, 'Видно всему интернету'),
(88, 'Видно всему интернету'),
(92, 'Видно компаниям-клиентам hh'),
(94, 'Скрыто от выбранных компаний'),
(95, 'Видно компаниям-клиентам hh'),
(97, 'Видно выбранным компаниям'),
(98, 'Видно компаниям-клиентам hh'),
(99, 'Видно выбранным компаниям'),
(100, 'Видно компаниям-клиентам hh'),
(101, 'Видно выбранным компаниям'),
(102, 'Не видно никому'),
(104, 'Видно компаниям-клиентам hh'),
(105, 'Скрыто от выбранных компаний');

INSERT INTO responses (cv_id, vacancy_id, status, created_at) VALUES
(1, 86, 0, '2020-10-08 15:29:22.0'),
(2, 34, 0, '2020-10-09 10:23:48.0'),
(2, 44, 0, '2020-10-09 10:24:14.0'),
(2, 124, 0, '2020-10-08 15:29:50.0'),
(4, 146, 0, '2020-10-09 10:25:04.0'),
(7, 58, 0, '2020-10-09 10:25:41.0'),
(7, 114, 0, '2020-10-09 10:24:21.0'),
(13, 43, 0, '2020-10-09 10:24:29.0'),
(14, 5, 0, '2020-10-09 10:23:27.0'),
(15, 85, 0, '2020-10-09 10:23:28.0'),
(19, 8, 0, '2020-10-09 10:25:20.0'),
(20, 56, 0, '2020-10-09 10:25:29.0'),
(21, 96, 0, '2020-10-08 15:29:29.0'),
(22, 94, 0, '2020-10-09 10:24:20.0'),
(24, 129, 0, '2020-10-09 10:24:26.0'),
(28, 104, 0, '2020-10-08 15:30:08.0'),
(28, 105, 0, '2020-10-08 15:28:47.0'),
(29, 109, 0, '2020-10-09 10:25:37.0'),
(31, 46, 0, '2020-10-08 15:29:46.0'),
(32, 48, 0, '2020-10-09 10:25:36.0'),
(35, 48, 0, '2020-10-09 10:24:02.0'),
(35, 123, 0, '2020-10-08 15:29:30.0'),
(35, 137, 0, '2020-10-08 15:28:36.0'),
(36, 10, 0, '2020-10-08 15:29:35.0'),
(36, 31, 0, '2020-10-08 15:29:47.0'),
(36, 63, 0, '2020-10-09 10:24:08.0'),
(38, 87, 0, '2020-10-08 15:30:10.0'),
(39, 1, 0, '2020-10-08 15:29:53.0'),
(39, 73, 0, '2020-10-09 10:25:24.0'),
(40, 112, 0, '2020-10-08 15:29:55.0'),
(41, 14, 0, '2020-10-09 10:24:07.0'),
(43, 140, 0, '2020-10-08 15:30:11.0'),
(44, 59, 0, '2020-10-09 10:25:12.0'),
(44, 77, 0, '2020-10-09 10:23:23.0'),
(48, 31, 0, '2020-10-09 10:23:47.0'),
(50, 115, 0, '2020-10-09 10:24:01.0'),
(54, 31, 0, '2020-10-09 10:23:53.0'),
(55, 110, 0, '2020-10-08 15:29:20.0'),
(58, 12, 0, '2020-10-08 15:29:40.0'),
(58, 57, 0, '2020-10-09 10:25:34.0'),
(63, 17, 0, '2020-10-09 10:25:06.0'),
(64, 85, 0, '2020-10-08 15:29:58.0'),
(65, 143, 0, '2020-10-09 10:24:24.0'),
(66, 120, 0, '2020-10-09 10:25:22.0'),
(67, 43, 0, '2020-10-08 15:28:48.0'),
(68, 133, 0, '2020-10-09 10:25:02.0'),
(70, 66, 0, '2020-10-09 10:25:13.0'),
(71, 88, 0, '2020-10-09 10:23:38.0'),
(72, 36, 0, '2020-10-08 15:29:21.0'),
(73, 129, 0, '2020-10-08 15:29:39.0'),
(74, 88, 0, '2020-10-09 10:25:26.0'),
(77, 101, 0, '2020-10-09 10:24:50.0'),
(78, 7, 0, '2020-10-08 15:29:59.0'),
(78, 48, 0, '2020-10-09 10:23:51.0'),
(81, 1, 0, '2020-10-08 15:29:33.0'),
(81, 76, 0, '2020-10-09 10:25:09.0'),
(81, 113, 0, '2020-10-08 15:30:12.0'),
(82, 16, 0, '2020-10-09 10:25:31.0'),
(83, 80, 0, '2020-10-09 10:24:58.0'),
(84, 63, 0, '2020-10-08 15:30:04.0'),
(84, 131, 0, '2020-10-08 15:28:39.0'),
(86, 28, 0, '2020-10-08 15:30:05.0'),
(86, 112, 0, '2020-10-08 15:30:03.0'),
(89, 81, 0, '2020-10-08 15:29:15.0'),
(90, 67, 0, '2020-10-09 10:24:48.0'),
(91, 47, 0, '2020-10-08 15:29:32.0'),
(92, 10, 0, '2020-10-08 15:29:28.0'),
(92, 101, 0, '2020-10-09 10:25:28.0'),
(93, 76, 0, '2020-10-08 15:29:52.0'),
(93, 109, 0, '2020-10-09 10:24:05.0'),
(94, 78, 0, '2020-10-08 15:28:45.0'),
(97, 118, 0, '2020-10-09 10:23:20.0'),
(98, 31, 0, '2020-10-08 15:29:17.0'),
(99, 68, 0, '2020-10-09 10:24:53.0'),
(102, 104, 0, '2020-10-09 10:25:47.0'),
(104, 57, 0, '2020-10-09 10:25:10.0'),
(104, 128, 0, '2020-10-09 10:25:18.0'),
(105, 80, 0, '2020-10-08 15:28:37.0'),
(1, 57, 1, '2020-10-08 15:29:23.0'),
(2, 130, 1, '2020-10-09 10:23:57.0'),
(3, 97, 1, '2020-10-09 10:25:49.0'),
(3, 115, 1, '2020-10-08 15:29:26.0'),
(4, 138, 1, '2020-10-08 15:30:07.0'),
(4, 139, 1, '2020-10-08 15:29:36.0'),
(6, 74, 1, '2020-10-09 10:23:46.0'),
(7, 101, 1, '2020-10-09 10:24:33.0'),
(8, 93, 1, '2020-10-09 10:25:19.0'),
(9, 20, 1, '2020-10-09 10:23:33.0'),
(10, 32, 1, '2020-10-09 10:25:40.0'),
(11, 74, 1, '2020-10-08 15:28:41.0'),
(12, 42, 1, '2020-10-09 10:23:39.0'),
(12, 73, 1, '2020-10-08 15:30:00.0'),
(14, 17, 1, '2020-10-08 15:02:32.0'),
(16, 114, 1, '2020-10-09 10:23:44.0'),
(16, 130, 1, '2020-10-09 10:24:10.0'),
(17, 9, 1, '2020-10-09 10:23:42.0'),
(17, 83, 1, '2020-10-08 15:29:12.0'),
(17, 109, 1, '2020-10-09 10:25:00.0'),
(21, 18, 1, '2020-10-08 15:29:48.0'),
(21, 114, 1, '2020-10-09 10:24:34.0'),
(23, 109, 1, '2020-10-09 10:23:54.0'),
(24, 107, 1, '2020-10-08 15:29:25.0'),
(25, 28, 1, '2020-10-08 15:29:44.0'),
(25, 38, 1, '2020-10-09 10:25:50.0'),
(25, 63, 1, '2020-10-09 10:24:39.0'),
(25, 72, 1, '2020-10-09 10:25:43.0'),
(27, 27, 1, '2020-10-09 10:25:51.0'),
(27, 107, 1, '2020-10-09 10:23:55.0'),
(28, 95, 1, '2020-10-08 15:29:56.0'),
(31, 79, 1, '2020-10-08 15:30:01.0'),
(32, 136, 1, '2020-10-09 10:23:50.0'),
(33, 14, 1, '2020-10-09 10:24:56.0'),
(34, 19, 1, '2020-10-09 10:24:12.0'),
(37, 42, 1, '2020-10-09 10:24:36.0'),
(38, 99, 1, '2020-10-09 10:24:27.0'),
(39, 82, 1, '2020-10-08 15:29:43.0'),
(39, 138, 1, '2020-10-09 10:25:32.0'),
(48, 85, 1, '2020-10-09 10:25:39.0'),
(49, 12, 1, '2020-10-09 10:24:47.0'),
(49, 75, 1, '2020-10-09 10:25:46.0'),
(50, 57, 1, '2020-10-08 15:28:43.0'),
(50, 83, 1, '2020-10-08 15:29:42.0'),
(53, 30, 1, '2020-10-09 10:25:03.0'),
(54, 67, 1, '2020-10-08 15:29:13.0'),
(54, 126, 1, '2020-10-09 10:25:44.0'),
(55, 99, 1, '2020-10-09 10:23:59.0'),
(59, 41, 1, '2020-10-08 15:29:27.0'),
(62, 104, 1, '2020-10-08 15:29:34.0'),
(65, 88, 1, '2020-10-08 15:29:49.0'),
(67, 83, 1, '2020-10-09 10:24:31.0'),
(70, 46, 1, '2020-10-09 10:24:04.0'),
(72, 80, 1, '2020-10-08 15:28:40.0'),
(77, 44, 1, '2020-10-09 10:24:18.0'),
(80, 76, 1, '2020-10-09 10:25:07.0'),
(83, 22, 1, '2020-10-09 10:24:37.0'),
(85, 27, 1, '2020-10-09 10:23:36.0'),
(85, 30, 1, '2020-10-09 10:23:30.0'),
(85, 36, 1, '2020-10-09 10:23:31.0'),
(85, 128, 1, '2020-10-08 15:29:38.0'),
(88, 4, 1, '2020-10-09 10:25:15.0'),
(90, 69, 1, '2020-10-08 15:28:44.0'),
(92, 111, 1, '2020-10-09 10:23:34.0'),
(93, 21, 1, '2020-10-09 10:25:25.0'),
(93, 25, 1, '2020-10-08 15:29:54.0'),
(93, 124, 1, '2020-10-09 10:23:58.0'),
(95, 25, 1, '2020-10-09 10:23:22.0'),
(96, 90, 1, '2020-10-09 10:25:53.0'),
(97, 91, 1, '2020-10-09 10:23:41.0'),
(99, 99, 1, '2020-10-08 15:29:16.0'),
(100, 49, 1, '2020-10-09 10:24:23.0'),
(100, 83, 1, '2020-10-09 10:23:25.0'),
(100, 114, 1, '2020-10-08 15:29:11.0'),
(103, 99, 1, '2020-10-09 10:25:16.0'),
(104, 50, 1, '2020-10-09 10:24:59.0'),
(104, 95, 1, '2020-10-09 10:24:55.0'),
(105, 136, 1, '2020-10-08 15:29:18.0');


INSERT INTO invitations (from_employer, to_applicant, created_at) VALUES
(76, 15, '2020-10-05 16:44:18.0'),
(33, 52, '2020-10-05 16:44:19.0'),
(15, 33, '2020-10-05 16:44:20.0'),
(34, 46, '2020-10-05 16:44:22.0'),
(81, 58, '2020-10-05 16:44:23.0'),
(44, 74, '2020-10-05 16:44:25.0'),
(53, 69, '2020-10-05 16:44:26.0'),
(74, 6, '2020-10-05 16:44:28.0'),
(81, 31, '2020-10-05 16:44:29.0'),
(44, 59, '2020-10-05 16:44:30.0'),
(66, 69, '2020-10-05 16:44:32.0'),
(71, 14, '2020-10-05 16:44:33.0'),
(6, 59, '2020-10-05 16:44:35.0'),
(48, 17, '2020-10-05 16:44:36.0'),
(7, 21, '2020-10-05 16:44:37.0'),
(3, 51, '2020-10-05 16:44:38.0'),
(17, 57, '2020-10-05 16:44:40.0'),
(82, 65, '2020-10-05 16:44:43.0'),
(65, 32, '2020-10-05 16:44:45.0'),
(80, 6, '2020-10-05 16:44:47.0'),
(30, 4, '2020-10-05 16:44:49.0'),
(21, 7, '2020-10-05 16:44:52.0'),
(35, 69, '2020-10-05 16:44:54.0'),
(21, 14, '2020-10-05 16:44:56.0'),
(62, 16, '2020-10-05 16:44:57.0'),
(39, 23, '2020-10-05 16:44:58.0'),
(36, 1, '2020-10-05 16:45:00.0'),
(23, 14, '2020-10-05 16:45:03.0'),
(13, 21, '2020-10-05 16:45:06.0'),
(48, 83, '2020-10-05 16:45:09.0'),
(75, 13, '2020-10-05 16:45:13.0'),
(61, 16, '2020-10-05 16:45:15.0'),
(3, 14, '2020-10-05 16:45:17.0'),
(71, 13, '2020-10-05 16:45:18.0'),
(20, 16, '2020-10-05 16:45:20.0'),
(35, 16, '2020-10-05 16:45:23.0'),
(45, 24, '2020-10-05 16:45:25.0'),
(51, 15, '2020-10-05 16:45:26.0'),
(24, 59, '2020-10-05 16:45:27.0'),
(8, 38, '2020-10-05 16:45:29.0'),
(6, 3, '2020-10-05 16:45:31.0'),
(3, 74, '2020-10-05 16:45:32.0'),
(75, 32, '2020-10-05 16:45:33.0'),
(36, 74, '2020-10-05 16:45:35.0'),
(26, 36, '2020-10-05 16:45:37.0'),
(54, 27, '2020-10-05 16:45:40.0'),
(44, 32, '2020-10-05 16:45:43.0'),
(82, 14, '2020-10-05 16:45:45.0'),
(22, 2, '2020-10-05 16:45:47.0'),
(59, 64, '2020-10-08 15:17:22.0'),
(70, 20, '2020-10-08 15:17:23.0'),
(81, 27, '2020-10-08 15:17:25.0'),
(9, 23, '2020-10-08 15:17:26.0'),
(73, 7, '2020-10-08 15:17:27.0'),
(73, 19, '2020-10-08 15:17:29.0'),
(11, 63, '2020-10-08 15:17:31.0'),
(41, 50, '2020-10-08 15:17:32.0'),
(56, 23, '2020-10-08 15:17:33.0'),
(23, 2, '2020-10-08 15:17:34.0'),
(9, 12, '2020-10-08 15:17:35.0'),
(51, 29, '2020-10-08 15:17:37.0'),
(17, 2, '2020-10-08 15:17:38.0'),
(43, 54, '2020-10-08 15:17:39.0'),
(15, 54, '2020-10-08 15:17:41.0'),
(69, 39, '2020-10-08 15:17:44.0'),
(23, 60, '2020-10-08 15:17:45.0'),
(34, 58, '2020-10-08 15:17:46.0'),
(51, 6, '2020-10-08 15:17:47.0'),
(30, 20, '2020-10-08 15:17:48.0'),
(61, 7, '2020-10-08 15:17:50.0'),
(32, 71, '2020-10-08 15:17:52.0'),
(52, 72, '2020-10-08 15:17:53.0'),
(7, 6, '2020-10-08 15:17:54.0'),
(51, 20, '2020-10-08 15:17:55.0'),
(5, 18, '2020-10-08 15:17:57.0'),
(18, 29, '2020-10-08 15:17:58.0'),
(22, 39, '2020-10-08 15:18:00.0'),
(40, 21, '2020-10-08 15:18:02.0'),
(60, 20, '2020-10-08 15:18:04.0'),
(32, 1, '2020-10-08 15:18:06.0'),
(57, 6, '2020-10-08 15:18:08.0'),
(16, 25, '2020-10-08 15:18:09.0'),
(66, 58, '2020-10-08 15:18:10.0'),
(24, 57, '2020-10-08 15:18:11.0'),
(11, 3, '2020-10-08 15:18:13.0'),
(61, 25, '2020-10-08 15:18:14.0'),
(21, 20, '2020-10-08 15:18:17.0'),
(4, 18, '2020-10-08 15:18:18.0'),
(75, 46, '2020-10-08 15:18:20.0'),
(30, 44, '2020-10-08 15:18:23.0'),
(43, 24, '2020-10-08 15:18:25.0'),
(39, 33, '2020-10-08 15:18:27.0'),
(7, 33, '2020-10-08 15:18:29.0'),
(10, 46, '2020-10-08 15:18:31.0'),
(28, 63, '2020-10-08 15:18:34.0'),
(3, 3, '2020-10-08 15:18:37.0'),
(23, 23, '2020-10-08 15:18:38.0'),
(43, 64, '2020-10-08 15:18:39.0'),
(18, 71, '2020-10-09 11:07:40.0'),
(16, 15, '2020-10-09 11:07:42.0'),
(55, 60, '2020-10-09 11:07:43.0'),
(39, 64, '2020-10-09 11:07:45.0'),
(78, 36, '2020-10-09 11:07:47.0'),
(37, 38, '2020-10-09 11:07:49.0'),
(27, 32, '2020-10-09 11:07:51.0'),
(13, 15, '2020-10-09 11:07:54.0'),
(6, 32, '2020-10-09 11:07:56.0'),
(50, 16, '2020-10-09 11:07:57.0'),
(64, 20, '2020-10-09 11:07:58.0'),
(78, 17, '2020-10-09 11:08:00.0'),
(67, 64, '2020-10-09 11:08:02.0'),
(16, 7, '2020-10-09 11:08:03.0'),
(23, 7, '2020-10-09 11:08:05.0'),
(74, 2, '2020-10-09 11:08:06.0'),
(66, 16, '2020-10-09 11:08:08.0'),
(29, 46, '2020-10-09 11:08:10.0'),
(31, 27, '2020-10-09 11:08:11.0'),
(42, 58, '2020-10-09 11:08:13.0'),
(21, 3, '2020-10-09 11:08:14.0'),
(4, 71, '2020-10-09 11:08:16.0'),
(79, 59, '2020-10-09 11:08:17.0'),
(35, 77, '2020-10-09 11:08:18.0'),
(72, 52, '2020-10-09 11:08:20.0'),
(65, 16, '2020-10-09 11:08:23.0'),
(44, 38, '2020-10-09 11:08:24.0'),
(21, 69, '2020-10-09 11:08:26.0'),
(6, 5, '2020-10-09 11:08:29.0'),
(44, 14, '2020-10-09 11:08:31.0'),
(48, 54, '2020-10-09 11:08:33.0'),
(57, 48, '2020-10-09 11:08:35.0'),
(7, 80, '2020-10-09 11:08:37.0'),
(55, 38, '2020-10-09 11:08:39.0'),
(52, 21, '2020-10-09 11:08:40.0'),
(47, 50, '2020-10-09 11:08:42.0'),
(36, 71, '2020-10-09 11:08:44.0'),
(48, 18, '2020-10-09 11:08:47.0'),
(42, 31, '2020-10-09 11:08:48.0'),
(12, 54, '2020-10-09 11:08:49.0'),
(51, 48, '2020-10-09 11:08:52.0'),
(29, 2, '2020-10-09 11:08:54.0'),
(71, 12, '2020-10-09 11:08:57.0'),
(66, 43, '2020-10-09 11:08:58.0'),
(26, 4, '2020-10-09 11:09:00.0'),
(49, 16, '2020-10-09 11:09:01.0'),
(7, 24, '2020-10-09 11:09:05.0'),
(68, 14, '2020-10-09 11:09:06.0'),
(66, 29, '2020-10-09 11:09:09.0');

INSERT INTO professional_sphere (cv_id, sphere) VALUES
(22, 'Маркетинг'),
(39, 'Административный персонал'),
(30, 'Банки, инвестиции'),
(48, 'Маркетинг'),
(57, 'IT'),
(92, 'Административный персонал'),
(33, 'Банки, инвестиции'),
(30, 'Административный персонал'),
(48, 'Закупки'),
(84, 'Административный персонал'),
(90, 'IT'),
(6, 'Административный персонал'),
(68, 'Административный персонал'),
(20, 'Банки, инвестиции'),
(66, 'Закупки'),
(13, 'Банки, инвестиции'),
(74, 'Закупки'),
(83, 'IT'),
(74, 'Маркетинг'),
(85, 'Банки, инвестиции'),
(63, 'Продажи'),
(43, 'Административный персонал'),
(31, 'IT'),
(37, 'Маркетинг'),
(38, 'Закупки'),
(33, 'Маркетинг'),
(56, 'Закупки'),
(96, 'Маркетинг'),
(12, 'Продажи'),
(83, 'Маркетинг'),
(2, 'Банки, инвестиции'),
(60, 'Продажи'),
(64, 'Закупки'),
(36, 'IT'),
(19, 'Продажи'),
(100, 'Банки, инвестиции'),
(28, 'IT'),
(91, 'Маркетинг'),
(62, 'Банки, инвестиции'),
(70, 'Маркетинг'),
(79, 'Закупки'),
(73, 'Маркетинг'),
(22, 'Административный персонал'),
(32, 'Банки, инвестиции'),
(24, 'Продажи'),
(84, 'Маркетинг'),
(7, 'IT'),
(9, 'Закупки'),
(62, 'Закупки'),
(70, 'IT'),
(52, 'Банки, инвестиции'),
(93, 'Продажи'),
(26, 'IT'),
(4, 'IT'),
(12, 'Банки, инвестиции'),
(76, 'Маркетинг'),
(20, 'Маркетинг'),
(103, 'Закупки'),
(37, 'Продажи'),
(37, 'Банки, инвестиции'),
(72, 'Маркетинг'),
(97, 'Банки, инвестиции'),
(27, 'IT'),
(48, 'Закупки'),
(54, 'Продажи'),
(76, 'Административный персонал'),
(29, 'IT'),
(57, 'IT'),
(104, 'Закупки'),
(84, 'Административный персонал'),
(93, 'Продажи'),
(56, 'Банки, инвестиции'),
(103, 'Банки, инвестиции'),
(20, 'Административный персонал'),
(22, 'IT'),
(39, 'Маркетинг'),
(27, 'Маркетинг'),
(47, 'Административный персонал'),
(72, 'Маркетинг'),
(71, 'Закупки'),
(92, 'Маркетинг'),
(103, 'Маркетинг'),
(12, 'Закупки'),
(105, 'Административный персонал'),
(31, 'IT'),
(39, 'Административный персонал'),
(87, 'Банки, инвестиции'),
(82, 'IT'),
(18, 'Банки, инвестиции'),
(101, 'Маркетинг'),
(20, 'Административный персонал'),
(57, 'Маркетинг'),
(104, 'Банки, инвестиции'),
(17, 'Продажи'),
(81, 'Маркетинг'),
(24, 'Продажи'),
(59, 'Маркетинг'),
(2, 'IT'),
(7, 'Продажи'),
(52, 'IT');

